5.785095700000000146e-02,2.000000000000000042e-02,6.055278749869897892e-01,2.500000000000000052e-03,1.365000000000000000e+02,2.340000000000000066e-03
2.664706099999999966e-02,4.000000000000000083e-02,-8.667670910519801319e-01,1.899999999999999996e-03,1.095000000000000000e+02,2.680000000000000090e-03
8.744026800000000155e-02,1.200000000000000025e-02,-8.667670910519801319e-01,4.000000000000000083e-03,6.900000000000000000e+01,1.850000000000000082e-03
1.572144899999999845e-02,2.400000000000000050e-02,8.395943674184846994e-02,3.700000000000000164e-03,1.500000000000000000e+01,1.920000000000000049e-03
5.807369099999999673e-02,2.000000000000000042e-02,-6.928958219201650781e-01,3.099999999999999891e-03,9.600000000000000000e+01,2.099999999999999870e-03
1.217272800000000071e-02,4.000000000000000083e-02,-1.978135740042682167e-01,2.500000000000000052e-03,2.850000000000000000e+01,2.340000000000000066e-03
2.786629599999999873e-02,2.400000000000000050e-02,-1.978135740042682167e-01,1.600000000000000077e-03,5.550000000000000000e+01,2.919999999999999853e-03
1.456496449999999943e-01,4.000000000000000083e-03,8.037754597109739718e-01,3.399999999999999811e-03,6.900000000000000000e+01,2.010000000000000068e-03
3.012514200000000059e-02,3.200000000000000067e-02,8.037754597109739718e-01,2.200000000000000133e-03,1.230000000000000000e+02,2.490000000000000026e-03
3.448887700000000112e-02,3.200000000000000067e-02,9.379947521194414994e-01,2.799999999999999972e-03,1.365000000000000000e+02,2.210000000000000159e-03
7.827251000000000347e-02,1.200000000000000025e-02,9.379947521194414994e-01,1.899999999999999996e-03,1.230000000000000000e+02,2.680000000000000090e-03
7.658862299999999457e-02,2.000000000000000042e-02,3.590442868911160601e-01,4.000000000000000083e-03,1.500000000000000000e+02,1.850000000000000082e-03
6.846901099999999629e-02,8.000000000000000167e-03,-8.667670910519801319e-01,3.399999999999999811e-03,2.850000000000000000e+01,2.010000000000000068e-03
1.107212830000000037e-01,8.000000000000000167e-03,-6.928958219201650781e-01,2.500000000000000052e-03,8.250000000000000000e+01,2.340000000000000066e-03
2.408038100000000140e-02,3.200000000000000067e-02,6.055278749869897892e-01,3.700000000000000164e-03,6.900000000000000000e+01,1.920000000000000049e-03
2.872985000000000122e-02,1.600000000000000033e-02,-6.928958219201650781e-01,1.000000000000000021e-03,1.500000000000000000e+01,3.700000000000000164e-03
5.140021300000000015e-02,1.600000000000000033e-02,-9.715921906288021992e-01,4.000000000000000083e-03,4.200000000000000000e+01,1.850000000000000082e-03
3.552680899999999947e-02,3.200000000000000067e-02,-9.990208133146479819e-01,4.000000000000000083e-03,6.900000000000000000e+01,1.850000000000000082e-03
2.015328900000000131e-02,3.200000000000000067e-02,-9.990208133146479819e-01,2.500000000000000052e-03,2.850000000000000000e+01,2.340000000000000066e-03
1.230786999999999992e-01,4.000000000000000083e-03,-9.990208133146479819e-01,4.000000000000000083e-03,2.850000000000000000e+01,1.850000000000000082e-03
2.452088499999999921e-02,2.800000000000000058e-02,9.379947521194414994e-01,2.200000000000000133e-03,6.900000000000000000e+01,2.490000000000000026e-03
4.546042000000000138e-02,2.000000000000000042e-02,-6.928958219201650781e-01,2.799999999999999972e-03,6.900000000000000000e+01,2.210000000000000159e-03
4.108628400000000069e-02,2.000000000000000042e-02,9.379947521194414994e-01,4.000000000000000083e-03,6.900000000000000000e+01,1.850000000000000082e-03
2.129055100000000131e-02,3.200000000000000067e-02,3.590442868911160601e-01,3.700000000000000164e-03,5.550000000000000000e+01,1.920000000000000049e-03
2.740094399999999999e-02,2.400000000000000050e-02,9.379947521194414994e-01,3.099999999999999891e-03,5.550000000000000000e+01,2.099999999999999870e-03
4.744115799999999716e-02,1.600000000000000033e-02,-9.990208133146479819e-01,1.899999999999999996e-03,4.200000000000000000e+01,2.680000000000000090e-03
5.914073200000000141e-02,1.600000000000000033e-02,8.037754597109739718e-01,2.200000000000000133e-03,1.095000000000000000e+02,2.490000000000000026e-03
6.496474500000000429e-02,8.000000000000000167e-03,-9.715921906288021992e-01,1.899999999999999996e-03,2.850000000000000000e+01,2.680000000000000090e-03
3.207019400000000325e-02,2.400000000000000050e-02,8.037754597109739718e-01,1.299999999999999940e-03,9.600000000000000000e+01,3.239999999999999825e-03
1.203671219999999931e-01,8.000000000000000167e-03,-8.667670910519801319e-01,2.799999999999999972e-03,8.250000000000000000e+01,2.210000000000000159e-03
9.305077900000000013e-02,1.200000000000000025e-02,-9.990208133146479819e-01,3.399999999999999811e-03,6.900000000000000000e+01,2.010000000000000068e-03
3.383236210000000188e-01,0.000000000000000000e+00,-1.978135740042682167e-01,1.899999999999999996e-03,1.365000000000000000e+02,2.680000000000000090e-03
1.528869899999999935e-02,3.200000000000000067e-02,8.395943674184846994e-02,1.899999999999999996e-03,2.850000000000000000e+01,2.680000000000000090e-03
3.950951800000000042e-02,3.200000000000000067e-02,6.055278749869897892e-01,3.700000000000000164e-03,1.365000000000000000e+02,1.920000000000000049e-03
3.722874200000000217e-02,2.400000000000000050e-02,-1.978135740042682167e-01,2.500000000000000052e-03,8.250000000000000000e+01,2.340000000000000066e-03
2.621125200000000086e-02,3.200000000000000067e-02,6.055278749869897892e-01,2.200000000000000133e-03,9.600000000000000000e+01,2.490000000000000026e-03
1.687534799999999835e-02,2.800000000000000058e-02,-9.715921906288021992e-01,3.099999999999999891e-03,1.500000000000000000e+01,2.099999999999999870e-03
2.017122899999999885e-02,2.800000000000000058e-02,8.037754597109739718e-01,3.399999999999999811e-03,4.200000000000000000e+01,2.010000000000000068e-03
2.088956100000000093e-02,4.000000000000000083e-02,-9.715921906288021992e-01,3.099999999999999891e-03,5.550000000000000000e+01,2.099999999999999870e-03
3.988862839999999799e-01,0.000000000000000000e+00,8.395943674184846994e-02,2.799999999999999972e-03,1.365000000000000000e+02,2.210000000000000159e-03
7.694285600000000391e-02,1.200000000000000025e-02,3.590442868911160601e-01,1.299999999999999940e-03,1.365000000000000000e+02,3.239999999999999825e-03
1.435892109999999944e-01,8.000000000000000167e-03,8.395943674184846994e-02,3.399999999999999811e-03,1.230000000000000000e+02,2.010000000000000068e-03
1.583975300000000155e-02,3.200000000000000067e-02,-8.667670910519801319e-01,1.299999999999999940e-03,1.500000000000000000e+01,3.239999999999999825e-03
1.094695049999999947e-01,1.200000000000000025e-02,-9.990208133146479819e-01,1.600000000000000077e-03,1.365000000000000000e+02,2.919999999999999853e-03
1.791901350000000004e-01,4.000000000000000083e-03,-9.715921906288021992e-01,1.299999999999999940e-03,1.230000000000000000e+02,3.239999999999999825e-03
6.096655699999999761e-02,2.400000000000000050e-02,-9.715921906288021992e-01,3.399999999999999811e-03,1.095000000000000000e+02,2.010000000000000068e-03
8.920802999999999372e-02,1.600000000000000033e-02,-9.990208133146479819e-01,3.399999999999999811e-03,9.600000000000000000e+01,2.010000000000000068e-03
2.872192800000000074e-02,4.000000000000000083e-02,-1.978135740042682167e-01,4.000000000000000083e-03,1.095000000000000000e+02,1.850000000000000082e-03
2.100275659999999989e-01,0.000000000000000000e+00,-9.715921906288021992e-01,3.399999999999999811e-03,2.850000000000000000e+01,2.010000000000000068e-03
5.025670699999999769e-02,2.000000000000000042e-02,9.379947521194414994e-01,2.799999999999999972e-03,1.095000000000000000e+02,2.210000000000000159e-03
4.019266700000000136e-02,2.800000000000000058e-02,-6.928958219201650781e-01,3.099999999999999891e-03,9.600000000000000000e+01,2.099999999999999870e-03
3.968621600000000332e-02,8.000000000000000167e-03,3.590442868911160601e-01,1.899999999999999996e-03,1.500000000000000000e+01,2.680000000000000090e-03
3.667188700000000023e-02,3.200000000000000067e-02,-9.715921906288021992e-01,1.899999999999999996e-03,1.095000000000000000e+02,2.680000000000000090e-03
1.554746509999999915e-01,4.000000000000000083e-03,9.379947521194414994e-01,3.099999999999999891e-03,8.250000000000000000e+01,2.099999999999999870e-03
2.924929899999999944e-02,3.200000000000000067e-02,-4.638288688518716896e-01,1.000000000000000021e-03,1.230000000000000000e+02,3.700000000000000164e-03
4.398902999999999841e-02,2.000000000000000042e-02,-4.638288688518716896e-01,1.299999999999999940e-03,9.600000000000000000e+01,3.239999999999999825e-03
2.447910580000000058e-01,0.000000000000000000e+00,-1.978135740042682167e-01,2.799999999999999972e-03,5.550000000000000000e+01,2.210000000000000159e-03
1.100558500000000002e-02,3.200000000000000067e-02,9.379947521194414994e-01,2.799999999999999972e-03,1.500000000000000000e+01,2.210000000000000159e-03
2.310564500000000104e-02,3.599999999999999728e-02,9.379947521194414994e-01,1.299999999999999940e-03,1.230000000000000000e+02,3.239999999999999825e-03
4.175386500000000112e-02,1.600000000000000033e-02,-9.990208133146479819e-01,3.099999999999999891e-03,2.850000000000000000e+01,2.099999999999999870e-03
7.058379100000000683e-02,1.600000000000000033e-02,8.037754597109739718e-01,3.700000000000000164e-03,1.095000000000000000e+02,1.920000000000000049e-03
2.327364949999999877e-01,4.000000000000000083e-03,-9.715921906288021992e-01,1.899999999999999996e-03,1.500000000000000000e+02,2.680000000000000090e-03
1.563204589999999949e-01,0.000000000000000000e+00,8.395943674184846994e-02,1.000000000000000021e-03,5.550000000000000000e+01,3.700000000000000164e-03
1.578310480000000016e-01,8.000000000000000167e-03,8.395943674184846994e-02,3.099999999999999891e-03,1.500000000000000000e+02,2.099999999999999870e-03
5.451849799999999857e-02,1.200000000000000025e-02,6.055278749869897892e-01,1.000000000000000021e-03,8.250000000000000000e+01,3.700000000000000164e-03
3.976038300000000331e-02,1.600000000000000033e-02,8.037754597109739718e-01,2.200000000000000133e-03,5.550000000000000000e+01,2.490000000000000026e-03
2.983388390000000223e-01,0.000000000000000000e+00,8.037754597109739718e-01,1.899999999999999996e-03,1.230000000000000000e+02,2.680000000000000090e-03
1.931361460000000085e-01,0.000000000000000000e+00,3.590442868911160601e-01,2.500000000000000052e-03,4.200000000000000000e+01,2.340000000000000066e-03
1.372201590000000082e-01,8.000000000000000167e-03,-6.928958219201650781e-01,2.799999999999999972e-03,1.095000000000000000e+02,2.210000000000000159e-03
2.236091700000000099e-02,4.000000000000000083e-02,6.055278749869897892e-01,1.000000000000000021e-03,1.500000000000000000e+02,3.700000000000000164e-03
1.283692409999999950e-01,8.000000000000000167e-03,-9.715921906288021992e-01,4.000000000000000083e-03,6.900000000000000000e+01,1.850000000000000082e-03
2.306439500000000142e-02,2.400000000000000050e-02,9.379947521194414994e-01,2.799999999999999972e-03,4.200000000000000000e+01,2.210000000000000159e-03
9.364723299999999639e-02,8.000000000000000167e-03,8.037754597109739718e-01,1.000000000000000021e-03,1.365000000000000000e+02,3.700000000000000164e-03
1.880031610000000020e-01,4.000000000000000083e-03,-1.978135740042682167e-01,1.600000000000000077e-03,1.500000000000000000e+02,2.919999999999999853e-03
1.039427599999999917e-02,4.000000000000000083e-02,8.037754597109739718e-01,1.299999999999999940e-03,1.500000000000000000e+01,3.239999999999999825e-03
2.946329500000000046e-02,2.800000000000000058e-02,-1.978135740042682167e-01,3.099999999999999891e-03,6.900000000000000000e+01,2.099999999999999870e-03
6.764645699999999318e-02,1.200000000000000025e-02,-4.638288688518716896e-01,3.700000000000000164e-03,5.550000000000000000e+01,1.920000000000000049e-03
5.027297199999999910e-02,2.000000000000000042e-02,9.379947521194414994e-01,2.200000000000000133e-03,1.230000000000000000e+02,2.490000000000000026e-03
1.666750900000000049e-02,4.000000000000000083e-02,-8.667670910519801319e-01,2.799999999999999972e-03,4.200000000000000000e+01,2.210000000000000159e-03
8.282543000000000544e-02,1.200000000000000025e-02,9.379947521194414994e-01,2.799999999999999972e-03,1.095000000000000000e+02,2.210000000000000159e-03
2.457894700000000029e-02,4.000000000000000083e-02,-9.715921906288021992e-01,1.299999999999999940e-03,9.600000000000000000e+01,3.239999999999999825e-03
6.870797700000000341e-02,8.000000000000000167e-03,-6.928958219201650781e-01,1.600000000000000077e-03,4.200000000000000000e+01,2.919999999999999853e-03
8.540446000000000148e-02,1.200000000000000025e-02,-9.715921906288021992e-01,1.299999999999999940e-03,1.095000000000000000e+02,3.239999999999999825e-03
4.828539300000000284e-02,3.200000000000000067e-02,-8.667670910519801319e-01,4.000000000000000083e-03,1.230000000000000000e+02,1.850000000000000082e-03
1.202904669999999981e-01,0.000000000000000000e+00,6.055278749869897892e-01,3.399999999999999811e-03,1.500000000000000000e+01,2.010000000000000068e-03
5.653667500000000151e-02,1.600000000000000033e-02,-8.667670910519801319e-01,3.700000000000000164e-03,5.550000000000000000e+01,1.920000000000000049e-03
2.214350699999999977e-02,4.000000000000000083e-02,-1.978135740042682167e-01,3.399999999999999811e-03,8.250000000000000000e+01,2.010000000000000068e-03
4.020963699999999946e-02,2.400000000000000050e-02,-1.978135740042682167e-01,1.299999999999999940e-03,1.230000000000000000e+02,3.239999999999999825e-03
1.786240879999999864e-01,4.000000000000000083e-03,8.037754597109739718e-01,3.399999999999999811e-03,9.600000000000000000e+01,2.010000000000000068e-03
5.238691589999999731e-01,0.000000000000000000e+00,-9.990208133146479819e-01,3.399999999999999811e-03,1.365000000000000000e+02,2.010000000000000068e-03
4.328415699999999672e-02,4.000000000000000083e-02,-8.667670910519801319e-01,4.000000000000000083e-03,1.500000000000000000e+02,1.850000000000000082e-03
9.460753500000000649e-02,4.000000000000000083e-03,3.590442868911160601e-01,1.899999999999999996e-03,4.200000000000000000e+01,2.680000000000000090e-03
2.099226800000000143e-02,3.200000000000000067e-02,-8.667670910519801319e-01,1.299999999999999940e-03,4.200000000000000000e+01,3.239999999999999825e-03
5.360116799999999765e-02,2.000000000000000042e-02,-9.715921906288021992e-01,3.399999999999999811e-03,6.900000000000000000e+01,2.010000000000000068e-03
1.342234290000000052e-01,4.000000000000000083e-03,-6.928958219201650781e-01,2.500000000000000052e-03,5.550000000000000000e+01,2.340000000000000066e-03
4.821007900000000290e-02,1.200000000000000025e-02,-6.928958219201650781e-01,4.000000000000000083e-03,2.850000000000000000e+01,1.850000000000000082e-03
2.644544000000000061e-02,1.600000000000000033e-02,-6.928958219201650781e-01,4.000000000000000083e-03,1.500000000000000000e+01,1.850000000000000082e-03
3.741725600000000290e-02,4.000000000000000083e-02,-8.667670910519801319e-01,3.399999999999999811e-03,1.365000000000000000e+02,2.010000000000000068e-03
3.592745499999999703e-02,1.600000000000000033e-02,8.037754597109739718e-01,1.000000000000000021e-03,5.550000000000000000e+01,3.700000000000000164e-03
1.134391730000000043e-01,1.200000000000000025e-02,6.055278749869897892e-01,4.000000000000000083e-03,1.365000000000000000e+02,1.850000000000000082e-03
2.935646500000000172e-02,1.600000000000000033e-02,-9.715921906288021992e-01,1.899999999999999996e-03,1.500000000000000000e+01,2.680000000000000090e-03
2.414468499999999906e-02,4.000000000000000083e-02,6.055278749869897892e-01,1.899999999999999996e-03,1.365000000000000000e+02,2.680000000000000090e-03
3.420189099999999816e-02,1.200000000000000025e-02,-6.928958219201650781e-01,4.000000000000000083e-03,1.500000000000000000e+01,1.850000000000000082e-03
2.192974129999999966e-01,0.000000000000000000e+00,-9.715921906288021992e-01,1.600000000000000077e-03,5.550000000000000000e+01,2.919999999999999853e-03
2.875627399999999834e-02,4.000000000000000083e-02,-9.715921906288021992e-01,2.799999999999999972e-03,9.600000000000000000e+01,2.210000000000000159e-03
2.589614700000000130e-02,2.800000000000000058e-02,8.395943674184846994e-02,3.700000000000000164e-03,5.550000000000000000e+01,1.920000000000000049e-03
1.308089900000000000e-02,4.000000000000000083e-02,9.379947521194414994e-01,3.399999999999999811e-03,4.200000000000000000e+01,2.010000000000000068e-03
2.641122499999999998e-02,2.800000000000000058e-02,3.590442868911160601e-01,2.500000000000000052e-03,6.900000000000000000e+01,2.340000000000000066e-03
4.554532869999999845e-01,0.000000000000000000e+00,-9.990208133146479819e-01,2.500000000000000052e-03,1.365000000000000000e+02,2.340000000000000066e-03
1.092908570000000051e-01,1.200000000000000025e-02,6.055278749869897892e-01,3.099999999999999891e-03,1.500000000000000000e+02,2.099999999999999870e-03
3.370733900000000283e-02,3.599999999999999728e-02,8.037754597109739718e-01,3.099999999999999891e-03,1.500000000000000000e+02,2.099999999999999870e-03
2.415489730000000002e-01,0.000000000000000000e+00,-8.667670910519801319e-01,2.200000000000000133e-03,5.550000000000000000e+01,2.490000000000000026e-03
3.860960699999999718e-02,1.600000000000000033e-02,-4.638288688518716896e-01,1.899999999999999996e-03,4.200000000000000000e+01,2.680000000000000090e-03
5.078207299999999702e-02,8.000000000000000167e-03,-9.715921906288021992e-01,2.799999999999999972e-03,1.500000000000000000e+01,2.210000000000000159e-03
1.643611120000000037e-01,8.000000000000000167e-03,8.395943674184846994e-02,4.000000000000000083e-03,1.365000000000000000e+02,1.850000000000000082e-03
3.026706700000000166e-02,2.400000000000000050e-02,8.395943674184846994e-02,3.399999999999999811e-03,5.550000000000000000e+01,2.010000000000000068e-03
7.858474999999999488e-02,2.000000000000000042e-02,-8.667670910519801319e-01,3.099999999999999891e-03,1.365000000000000000e+02,2.099999999999999870e-03
6.672405400000000486e-02,8.000000000000000167e-03,6.055278749869897892e-01,2.799999999999999972e-03,4.200000000000000000e+01,2.210000000000000159e-03
7.769015099999999896e-02,4.000000000000000083e-03,-9.990208133146479819e-01,2.200000000000000133e-03,1.500000000000000000e+01,2.490000000000000026e-03
1.893346099999999865e-02,4.000000000000000083e-02,8.395943674184846994e-02,1.899999999999999996e-03,8.250000000000000000e+01,2.680000000000000090e-03
2.510033760000000003e-01,4.000000000000000083e-03,-8.667670910519801319e-01,4.000000000000000083e-03,1.095000000000000000e+02,1.850000000000000082e-03
1.794297900000000057e-01,0.000000000000000000e+00,-8.667670910519801319e-01,2.500000000000000052e-03,2.850000000000000000e+01,2.340000000000000066e-03
1.482273599999999955e-02,4.000000000000000083e-02,8.037754597109739718e-01,1.000000000000000021e-03,5.550000000000000000e+01,3.700000000000000164e-03
2.325298300000000137e-02,2.400000000000000050e-02,9.379947521194414994e-01,3.099999999999999891e-03,4.200000000000000000e+01,2.099999999999999870e-03
4.756597399999999698e-02,1.600000000000000033e-02,-9.715921906288021992e-01,2.799999999999999972e-03,4.200000000000000000e+01,2.210000000000000159e-03
1.167998160000000007e-01,4.000000000000000083e-03,8.395943674184846994e-02,2.200000000000000133e-03,5.550000000000000000e+01,2.490000000000000026e-03
2.045804400000000162e-02,4.000000000000000083e-02,9.379947521194414994e-01,1.299999999999999940e-03,1.230000000000000000e+02,3.239999999999999825e-03
2.075505600000000089e-02,3.200000000000000067e-02,-1.978135740042682167e-01,1.899999999999999996e-03,5.550000000000000000e+01,2.680000000000000090e-03
3.971096899999999874e-02,2.400000000000000050e-02,-9.990208133146479819e-01,1.600000000000000077e-03,6.900000000000000000e+01,2.919999999999999853e-03
6.179060799999999687e-02,1.600000000000000033e-02,6.055278749869897892e-01,1.899999999999999996e-03,1.230000000000000000e+02,2.680000000000000090e-03
1.989210900000000157e-02,3.599999999999999728e-02,-8.667670910519801319e-01,4.000000000000000083e-03,4.200000000000000000e+01,1.850000000000000082e-03
2.135334510000000130e-01,0.000000000000000000e+00,8.037754597109739718e-01,1.899999999999999996e-03,6.900000000000000000e+01,2.680000000000000090e-03
1.768251900000000071e-02,4.000000000000000083e-02,9.379947521194414994e-01,3.700000000000000164e-03,6.900000000000000000e+01,1.920000000000000049e-03
5.189903399999999667e-02,1.200000000000000025e-02,8.037754597109739718e-01,2.200000000000000133e-03,5.550000000000000000e+01,2.490000000000000026e-03
5.382903700000000319e-02,8.000000000000000167e-03,-9.990208133146479819e-01,2.799999999999999972e-03,1.500000000000000000e+01,2.210000000000000159e-03
2.692253199999999902e-02,3.200000000000000067e-02,-9.990208133146479819e-01,1.899999999999999996e-03,5.550000000000000000e+01,2.680000000000000090e-03
9.230514300000000616e-02,1.200000000000000025e-02,-8.667670910519801319e-01,2.500000000000000052e-03,9.600000000000000000e+01,2.340000000000000066e-03
8.158424200000000126e-02,1.200000000000000025e-02,-9.990208133146479819e-01,2.200000000000000133e-03,6.900000000000000000e+01,2.490000000000000026e-03
3.457570799999999667e-02,3.200000000000000067e-02,-4.638288688518716896e-01,3.700000000000000164e-03,9.600000000000000000e+01,1.920000000000000049e-03
1.208246500000000057e-02,3.599999999999999728e-02,-8.667670910519801319e-01,3.700000000000000164e-03,1.500000000000000000e+01,1.920000000000000049e-03
2.864925830000000229e-01,0.000000000000000000e+00,3.590442868911160601e-01,1.899999999999999996e-03,1.095000000000000000e+02,2.680000000000000090e-03
1.573011900000000074e-01,0.000000000000000000e+00,-6.928958219201650781e-01,1.899999999999999996e-03,2.850000000000000000e+01,2.680000000000000090e-03
3.308221100000000026e-02,3.599999999999999728e-02,6.055278749869897892e-01,2.799999999999999972e-03,1.500000000000000000e+02,2.210000000000000159e-03
2.148947250000000087e-01,0.000000000000000000e+00,8.395943674184846994e-02,1.000000000000000021e-03,1.095000000000000000e+02,3.700000000000000164e-03
8.082001299999999611e-02,1.200000000000000025e-02,6.055278749869897892e-01,1.600000000000000077e-03,1.365000000000000000e+02,2.919999999999999853e-03
1.384790140000000114e-01,8.000000000000000167e-03,-4.638288688518716896e-01,4.000000000000000083e-03,9.600000000000000000e+01,1.850000000000000082e-03
1.372101279999999868e-01,8.000000000000000167e-03,-1.978135740042682167e-01,2.799999999999999972e-03,1.230000000000000000e+02,2.210000000000000159e-03
3.160684200000000305e-02,2.000000000000000042e-02,3.590442868911160601e-01,1.600000000000000077e-03,5.550000000000000000e+01,2.919999999999999853e-03
2.144924200000000031e-02,2.400000000000000050e-02,-1.978135740042682167e-01,3.099999999999999891e-03,2.850000000000000000e+01,2.099999999999999870e-03
3.328377799999999997e-02,2.800000000000000058e-02,8.395943674184846994e-02,2.500000000000000052e-03,9.600000000000000000e+01,2.340000000000000066e-03
1.220501899999999924e-02,3.599999999999999728e-02,9.379947521194414994e-01,2.799999999999999972e-03,2.850000000000000000e+01,2.210000000000000159e-03
2.728948900000000011e-02,3.599999999999999728e-02,-1.978135740042682167e-01,1.000000000000000021e-03,1.500000000000000000e+02,3.700000000000000164e-03
2.911997100000000144e-02,4.000000000000000083e-02,9.379947521194414994e-01,3.099999999999999891e-03,1.500000000000000000e+02,2.099999999999999870e-03
4.465146999999999866e-02,1.600000000000000033e-02,-9.715921906288021992e-01,1.899999999999999996e-03,4.200000000000000000e+01,2.680000000000000090e-03
1.381607079999999932e-01,4.000000000000000083e-03,8.395943674184846994e-02,1.899999999999999996e-03,8.250000000000000000e+01,2.680000000000000090e-03
1.288661040000000091e-01,8.000000000000000167e-03,-9.990208133146479819e-01,2.500000000000000052e-03,8.250000000000000000e+01,2.340000000000000066e-03
3.212381000000000264e-02,3.200000000000000067e-02,-9.990208133146479819e-01,1.600000000000000077e-03,8.250000000000000000e+01,2.919999999999999853e-03
2.205779000000000073e-02,3.599999999999999728e-02,-4.638288688518716896e-01,1.299999999999999940e-03,8.250000000000000000e+01,3.239999999999999825e-03
2.315026599999999990e-01,0.000000000000000000e+00,9.379947521194414994e-01,1.299999999999999940e-03,1.095000000000000000e+02,3.239999999999999825e-03
3.809931099999999682e-02,2.400000000000000050e-02,6.055278749869897892e-01,3.700000000000000164e-03,8.250000000000000000e+01,1.920000000000000049e-03
8.054015300000000321e-02,1.200000000000000025e-02,8.037754597109739718e-01,2.500000000000000052e-03,1.095000000000000000e+02,2.340000000000000066e-03
3.360646700000000098e-02,3.200000000000000067e-02,-8.667670910519801319e-01,3.399999999999999811e-03,8.250000000000000000e+01,2.010000000000000068e-03
2.457781499999999938e-02,2.800000000000000058e-02,-8.667670910519801319e-01,2.500000000000000052e-03,4.200000000000000000e+01,2.340000000000000066e-03
6.795440899999999340e-02,8.000000000000000167e-03,8.395943674184846994e-02,2.500000000000000052e-03,4.200000000000000000e+01,2.340000000000000066e-03
1.406690830000000003e-01,4.000000000000000083e-03,-6.928958219201650781e-01,1.000000000000000021e-03,1.095000000000000000e+02,3.700000000000000164e-03
3.582784399999999758e-02,2.400000000000000050e-02,8.037754597109739718e-01,1.600000000000000077e-03,1.095000000000000000e+02,2.919999999999999853e-03
6.040303400000000128e-02,2.400000000000000050e-02,8.037754597109739718e-01,4.000000000000000083e-03,1.500000000000000000e+02,1.850000000000000082e-03
7.206826600000000582e-02,8.000000000000000167e-03,8.037754597109739718e-01,2.200000000000000133e-03,5.550000000000000000e+01,2.490000000000000026e-03
6.674334599999999507e-02,8.000000000000000167e-03,8.037754597109739718e-01,1.600000000000000077e-03,5.550000000000000000e+01,2.919999999999999853e-03
1.869572499999999984e-02,3.599999999999999728e-02,-4.638288688518716896e-01,1.299999999999999940e-03,5.550000000000000000e+01,3.239999999999999825e-03
4.558062799999999803e-02,2.000000000000000042e-02,-9.715921906288021992e-01,3.099999999999999891e-03,5.550000000000000000e+01,2.099999999999999870e-03
2.458197100000000107e-02,3.599999999999999728e-02,-6.928958219201650781e-01,3.399999999999999811e-03,6.900000000000000000e+01,2.010000000000000068e-03
3.277678400000000325e-02,4.000000000000000083e-02,-6.928958219201650781e-01,2.799999999999999972e-03,1.365000000000000000e+02,2.210000000000000159e-03
8.281664299999999534e-02,1.600000000000000033e-02,8.037754597109739718e-01,3.700000000000000164e-03,1.365000000000000000e+02,1.920000000000000049e-03
1.099969100000000068e-02,4.000000000000000083e-02,8.037754597109739718e-01,3.700000000000000164e-03,2.850000000000000000e+01,1.920000000000000049e-03
6.437455699999999892e-02,1.200000000000000025e-02,8.037754597109739718e-01,3.099999999999999891e-03,6.900000000000000000e+01,2.099999999999999870e-03
4.250589600000000134e-02,3.200000000000000067e-02,-9.715921906288021992e-01,1.600000000000000077e-03,1.500000000000000000e+02,2.919999999999999853e-03
1.828667800000000065e-01,4.000000000000000083e-03,-8.667670910519801319e-01,3.700000000000000164e-03,6.900000000000000000e+01,1.920000000000000049e-03
4.508233400000000168e-02,4.000000000000000083e-02,-9.990208133146479819e-01,3.099999999999999891e-03,1.500000000000000000e+02,2.099999999999999870e-03
2.934601400000000013e-02,4.000000000000000083e-02,-4.638288688518716896e-01,1.899999999999999996e-03,1.500000000000000000e+02,2.680000000000000090e-03
4.584212599999999693e-02,2.000000000000000042e-02,8.037754597109739718e-01,1.000000000000000021e-03,1.500000000000000000e+02,3.700000000000000164e-03
1.851956000000000088e-02,4.000000000000000083e-02,-6.928958219201650781e-01,3.099999999999999891e-03,5.550000000000000000e+01,2.099999999999999870e-03
2.500447500000000170e-02,2.800000000000000058e-02,6.055278749869897892e-01,4.000000000000000083e-03,5.550000000000000000e+01,1.850000000000000082e-03
3.053439399999999943e-02,3.200000000000000067e-02,-6.928958219201650781e-01,1.000000000000000021e-03,1.230000000000000000e+02,3.700000000000000164e-03
3.048958419999999725e-01,0.000000000000000000e+00,8.395943674184846994e-02,2.500000000000000052e-03,9.600000000000000000e+01,2.340000000000000066e-03
4.999418900000000138e-02,3.200000000000000067e-02,-9.715921906288021992e-01,3.700000000000000164e-03,1.230000000000000000e+02,1.920000000000000049e-03
1.593141060000000109e-01,8.000000000000000167e-03,-8.667670910519801319e-01,2.200000000000000133e-03,1.500000000000000000e+02,2.490000000000000026e-03
9.598994299999999424e-02,8.000000000000000167e-03,-8.667670910519801319e-01,1.899999999999999996e-03,6.900000000000000000e+01,2.680000000000000090e-03
4.434244600000000064e-02,2.800000000000000058e-02,-4.638288688518716896e-01,1.899999999999999996e-03,1.500000000000000000e+02,2.680000000000000090e-03
1.149504800000000077e-02,3.599999999999999728e-02,8.037754597109739718e-01,1.299999999999999940e-03,1.500000000000000000e+01,3.239999999999999825e-03
3.237406300000000153e-02,2.800000000000000058e-02,-8.667670910519801319e-01,2.500000000000000052e-03,6.900000000000000000e+01,2.340000000000000066e-03
3.271596799999999805e-02,1.200000000000000025e-02,-4.638288688518716896e-01,3.700000000000000164e-03,1.500000000000000000e+01,1.920000000000000049e-03
5.397492200000000157e-02,2.400000000000000050e-02,-1.978135740042682167e-01,3.399999999999999811e-03,1.230000000000000000e+02,2.010000000000000068e-03
2.734889500000000154e-02,2.800000000000000058e-02,-6.928958219201650781e-01,1.000000000000000021e-03,6.900000000000000000e+01,3.700000000000000164e-03
2.114191400000000123e-02,3.599999999999999728e-02,8.395943674184846994e-02,3.099999999999999891e-03,6.900000000000000000e+01,2.099999999999999870e-03
2.652652200000000030e-02,4.000000000000000083e-02,8.037754597109739718e-01,2.799999999999999972e-03,1.365000000000000000e+02,2.210000000000000159e-03
2.661936300000000005e-02,2.400000000000000050e-02,-1.978135740042682167e-01,3.399999999999999811e-03,4.200000000000000000e+01,2.010000000000000068e-03
2.075648500000000160e-02,3.599999999999999728e-02,-4.638288688518716896e-01,3.700000000000000164e-03,5.550000000000000000e+01,1.920000000000000049e-03
1.320808169999999893e-01,1.200000000000000025e-02,-4.638288688518716896e-01,3.700000000000000164e-03,1.500000000000000000e+02,1.920000000000000049e-03
1.049579080000000025e-01,8.000000000000000167e-03,-9.715921906288021992e-01,1.000000000000000021e-03,1.095000000000000000e+02,3.700000000000000164e-03
1.510927850000000072e-01,8.000000000000000167e-03,-6.928958219201650781e-01,2.500000000000000052e-03,1.365000000000000000e+02,2.340000000000000066e-03
2.583977700000000127e-02,2.400000000000000050e-02,-9.715921906288021992e-01,2.799999999999999972e-03,2.850000000000000000e+01,2.210000000000000159e-03
1.441458500000000059e-02,3.200000000000000067e-02,9.379947521194414994e-01,1.600000000000000077e-03,2.850000000000000000e+01,2.919999999999999853e-03
4.091463900000000264e-02,3.200000000000000067e-02,-9.990208133146479819e-01,4.000000000000000083e-03,8.250000000000000000e+01,1.850000000000000082e-03
3.918008700000000233e-02,2.800000000000000058e-02,-4.638288688518716896e-01,2.500000000000000052e-03,1.095000000000000000e+02,2.340000000000000066e-03
2.911932000000000062e-02,2.000000000000000042e-02,3.590442868911160601e-01,2.500000000000000052e-03,4.200000000000000000e+01,2.340000000000000066e-03
1.088960729999999960e-01,8.000000000000000167e-03,6.055278749869897892e-01,2.799999999999999972e-03,9.600000000000000000e+01,2.210000000000000159e-03
2.695492000000000027e-02,3.200000000000000067e-02,-1.978135740042682167e-01,4.000000000000000083e-03,6.900000000000000000e+01,1.850000000000000082e-03
2.575835599999999961e-02,3.599999999999999728e-02,-9.715921906288021992e-01,2.500000000000000052e-03,6.900000000000000000e+01,2.340000000000000066e-03
1.008606719999999984e-01,8.000000000000000167e-03,8.037754597109739718e-01,1.299999999999999940e-03,1.365000000000000000e+02,3.239999999999999825e-03
2.600333399999999948e-02,3.200000000000000067e-02,-9.990208133146479819e-01,1.000000000000000021e-03,5.550000000000000000e+01,3.700000000000000164e-03
2.257717700000000036e-02,4.000000000000000083e-02,-4.638288688518716896e-01,3.099999999999999891e-03,8.250000000000000000e+01,2.099999999999999870e-03
4.750131900000000018e-02,2.000000000000000042e-02,3.590442868911160601e-01,1.000000000000000021e-03,1.500000000000000000e+02,3.700000000000000164e-03
2.832681100000000035e-02,2.400000000000000050e-02,-6.928958219201650781e-01,3.099999999999999891e-03,4.200000000000000000e+01,2.099999999999999870e-03
4.708766600000000024e-02,2.800000000000000058e-02,-6.928958219201650781e-01,3.700000000000000164e-03,1.095000000000000000e+02,1.920000000000000049e-03
3.182909800000000011e-02,2.400000000000000050e-02,-6.928958219201650781e-01,1.000000000000000021e-03,6.900000000000000000e+01,3.700000000000000164e-03
6.494668200000000557e-02,2.000000000000000042e-02,-9.715921906288021992e-01,3.099999999999999891e-03,9.600000000000000000e+01,2.099999999999999870e-03
6.749355599999999622e-02,1.600000000000000033e-02,-6.928958219201650781e-01,1.899999999999999996e-03,1.095000000000000000e+02,2.680000000000000090e-03
2.602114599999999847e-02,2.400000000000000050e-02,-1.978135740042682167e-01,3.099999999999999891e-03,4.200000000000000000e+01,2.099999999999999870e-03
5.010149299999999695e-02,3.200000000000000067e-02,-9.990208133146479819e-01,3.099999999999999891e-03,1.230000000000000000e+02,2.099999999999999870e-03
7.347069200000000411e-02,2.000000000000000042e-02,8.395943674184846994e-02,3.399999999999999811e-03,1.500000000000000000e+02,2.010000000000000068e-03
9.000551900000000605e-02,2.400000000000000050e-02,-9.990208133146479819e-01,4.000000000000000083e-03,1.500000000000000000e+02,1.850000000000000082e-03
2.890999600000000030e-02,2.400000000000000050e-02,8.037754597109739718e-01,1.000000000000000021e-03,8.250000000000000000e+01,3.700000000000000164e-03
4.098424849999999786e-01,0.000000000000000000e+00,3.590442868911160601e-01,3.099999999999999891e-03,1.365000000000000000e+02,2.099999999999999870e-03
7.718141300000000427e-02,1.600000000000000033e-02,3.590442868911160601e-01,2.799999999999999972e-03,1.365000000000000000e+02,2.210000000000000159e-03
2.707306099999999896e-02,3.599999999999999728e-02,8.395943674184846994e-02,1.899999999999999996e-03,1.230000000000000000e+02,2.680000000000000090e-03
1.820826269999999969e-01,4.000000000000000083e-03,-4.638288688518716896e-01,2.200000000000000133e-03,1.095000000000000000e+02,2.490000000000000026e-03
2.108587749999999983e-01,0.000000000000000000e+00,-1.978135740042682167e-01,2.799999999999999972e-03,4.200000000000000000e+01,2.210000000000000159e-03
5.218966500000000314e-02,1.200000000000000025e-02,3.590442868911160601e-01,1.899999999999999996e-03,5.550000000000000000e+01,2.680000000000000090e-03
7.960413099999999464e-02,1.200000000000000025e-02,8.037754597109739718e-01,1.600000000000000077e-03,1.365000000000000000e+02,2.919999999999999853e-03
2.618868549999999740e-01,0.000000000000000000e+00,6.055278749869897892e-01,3.700000000000000164e-03,5.550000000000000000e+01,1.920000000000000049e-03
2.624049019999999954e-01,4.000000000000000083e-03,-8.667670910519801319e-01,2.799999999999999972e-03,1.500000000000000000e+02,2.210000000000000159e-03
7.765787999999999858e-02,4.000000000000000083e-03,-9.715921906288021992e-01,3.099999999999999891e-03,1.500000000000000000e+01,2.099999999999999870e-03
2.537053300000000067e-02,2.800000000000000058e-02,8.037754597109739718e-01,2.500000000000000052e-03,6.900000000000000000e+01,2.340000000000000066e-03
2.472563499999999928e-02,3.599999999999999728e-02,6.055278749869897892e-01,2.200000000000000133e-03,1.095000000000000000e+02,2.490000000000000026e-03
2.292318100000000081e-02,4.000000000000000083e-02,-4.638288688518716896e-01,1.000000000000000021e-03,1.230000000000000000e+02,3.700000000000000164e-03
9.877510700000000088e-02,1.200000000000000025e-02,6.055278749869897892e-01,3.399999999999999811e-03,1.230000000000000000e+02,2.010000000000000068e-03
1.953554690000000038e-01,4.000000000000000083e-03,8.037754597109739718e-01,2.200000000000000133e-03,1.500000000000000000e+02,2.490000000000000026e-03
7.774889000000000105e-02,1.600000000000000033e-02,-9.715921906288021992e-01,3.700000000000000164e-03,8.250000000000000000e+01,1.920000000000000049e-03
2.975397600000000142e-02,1.200000000000000025e-02,3.590442868911160601e-01,3.700000000000000164e-03,1.500000000000000000e+01,1.920000000000000049e-03
5.859846099999999752e-02,2.000000000000000042e-02,-4.638288688518716896e-01,2.799999999999999972e-03,1.095000000000000000e+02,2.210000000000000159e-03
4.115212859999999861e-01,0.000000000000000000e+00,-9.715921906288021992e-01,4.000000000000000083e-03,8.250000000000000000e+01,1.850000000000000082e-03
3.545762049999999777e-01,0.000000000000000000e+00,-9.715921906288021992e-01,2.500000000000000052e-03,9.600000000000000000e+01,2.340000000000000066e-03
2.420386170000000114e-01,0.000000000000000000e+00,-9.990208133146479819e-01,1.000000000000000021e-03,9.600000000000000000e+01,3.700000000000000164e-03
8.432289299999999599e-02,8.000000000000000167e-03,-6.928958219201650781e-01,1.000000000000000021e-03,8.250000000000000000e+01,3.700000000000000164e-03
1.071438800000000004e-02,3.599999999999999728e-02,-1.978135740042682167e-01,3.099999999999999891e-03,1.500000000000000000e+01,2.099999999999999870e-03
1.106989589999999996e-01,1.200000000000000025e-02,-9.990208133146479819e-01,4.000000000000000083e-03,8.250000000000000000e+01,1.850000000000000082e-03
3.517676000000000136e-02,2.400000000000000050e-02,-9.715921906288021992e-01,1.000000000000000021e-03,6.900000000000000000e+01,3.700000000000000164e-03
4.344260700000000114e-02,2.400000000000000050e-02,3.590442868911160601e-01,3.700000000000000164e-03,9.600000000000000000e+01,1.920000000000000049e-03
1.268887300000000051e-01,8.000000000000000167e-03,-6.928958219201650781e-01,3.700000000000000164e-03,8.250000000000000000e+01,1.920000000000000049e-03
4.291521899999999751e-02,2.800000000000000058e-02,-9.715921906288021992e-01,1.000000000000000021e-03,1.500000000000000000e+02,3.700000000000000164e-03
3.848528609999999905e-01,0.000000000000000000e+00,8.395943674184846994e-02,3.399999999999999811e-03,1.095000000000000000e+02,2.010000000000000068e-03
2.071494500000000127e-01,4.000000000000000083e-03,8.037754597109739718e-01,4.000000000000000083e-03,1.095000000000000000e+02,1.850000000000000082e-03
1.589972099999999861e-02,4.000000000000000083e-02,-9.990208133146479819e-01,2.200000000000000133e-03,2.850000000000000000e+01,2.490000000000000026e-03
4.185279299999999925e-02,8.000000000000000167e-03,-1.978135740042682167e-01,1.899999999999999996e-03,1.500000000000000000e+01,2.680000000000000090e-03
4.881933599999999790e-02,2.800000000000000058e-02,-4.638288688518716896e-01,2.500000000000000052e-03,1.500000000000000000e+02,2.340000000000000066e-03
2.420607199999999862e-02,3.200000000000000067e-02,-6.928958219201650781e-01,1.299999999999999940e-03,6.900000000000000000e+01,3.239999999999999825e-03
4.438325500000000340e-02,1.200000000000000025e-02,9.379947521194414994e-01,2.200000000000000133e-03,4.200000000000000000e+01,2.490000000000000026e-03
6.024715299999999774e-02,8.000000000000000167e-03,-4.638288688518716896e-01,2.799999999999999972e-03,2.850000000000000000e+01,2.210000000000000159e-03
4.939995500000000234e-02,1.600000000000000033e-02,-1.978135740042682167e-01,3.700000000000000164e-03,5.550000000000000000e+01,1.920000000000000049e-03
2.485861799999999899e-02,4.000000000000000083e-02,3.590442868911160601e-01,2.500000000000000052e-03,1.230000000000000000e+02,2.340000000000000066e-03
1.160191649999999935e-01,8.000000000000000167e-03,-9.990208133146479819e-01,2.500000000000000052e-03,6.900000000000000000e+01,2.340000000000000066e-03
1.576544699999999841e-02,4.000000000000000083e-02,9.379947521194414994e-01,1.600000000000000077e-03,6.900000000000000000e+01,2.919999999999999853e-03
6.220281700000000052e-02,4.000000000000000083e-03,6.055278749869897892e-01,3.399999999999999811e-03,1.500000000000000000e+01,2.010000000000000068e-03
4.612597499999999962e-02,2.800000000000000058e-02,-4.638288688518716896e-01,4.000000000000000083e-03,1.095000000000000000e+02,1.850000000000000082e-03
7.305143999999999527e-02,2.000000000000000042e-02,-4.638288688518716896e-01,4.000000000000000083e-03,1.230000000000000000e+02,1.850000000000000082e-03
1.419206400000000076e-02,3.599999999999999728e-02,-1.978135740042682167e-01,1.600000000000000077e-03,2.850000000000000000e+01,2.919999999999999853e-03
1.381708199999999963e-02,3.599999999999999728e-02,-1.978135740042682167e-01,3.700000000000000164e-03,2.850000000000000000e+01,1.920000000000000049e-03
3.129482000000000097e-02,2.400000000000000050e-02,9.379947521194414994e-01,3.099999999999999891e-03,6.900000000000000000e+01,2.099999999999999870e-03
8.717363799999999774e-02,1.600000000000000033e-02,-9.990208133146479819e-01,2.500000000000000052e-03,1.095000000000000000e+02,2.340000000000000066e-03
4.558618400000000181e-02,2.400000000000000050e-02,6.055278749869897892e-01,2.200000000000000133e-03,1.365000000000000000e+02,2.490000000000000026e-03
5.164760999999999658e-02,1.600000000000000033e-02,3.590442868911160601e-01,2.200000000000000133e-03,8.250000000000000000e+01,2.490000000000000026e-03
1.451955040000000030e-01,4.000000000000000083e-03,6.055278749869897892e-01,1.299999999999999940e-03,1.230000000000000000e+02,3.239999999999999825e-03
2.929541500000000173e-02,1.200000000000000025e-02,6.055278749869897892e-01,1.600000000000000077e-03,1.500000000000000000e+01,2.919999999999999853e-03
9.245610599999999624e-02,8.000000000000000167e-03,-4.638288688518716896e-01,3.399999999999999811e-03,5.550000000000000000e+01,2.010000000000000068e-03
4.997654099999999933e-02,2.000000000000000042e-02,-1.978135740042682167e-01,1.899999999999999996e-03,1.095000000000000000e+02,2.680000000000000090e-03
2.256175900000000067e-02,4.000000000000000083e-02,-9.990208133146479819e-01,1.299999999999999940e-03,6.900000000000000000e+01,3.239999999999999825e-03
6.051330700000000229e-02,1.600000000000000033e-02,6.055278749869897892e-01,4.000000000000000083e-03,8.250000000000000000e+01,1.850000000000000082e-03
3.000096400000000149e-02,4.000000000000000083e-02,8.037754597109739718e-01,4.000000000000000083e-03,1.365000000000000000e+02,1.850000000000000082e-03
5.897016499999999800e-02,2.000000000000000042e-02,-4.638288688518716896e-01,3.700000000000000164e-03,9.600000000000000000e+01,1.920000000000000049e-03
1.257295489999999960e-01,0.000000000000000000e+00,3.590442868911160601e-01,3.700000000000000164e-03,1.500000000000000000e+01,1.920000000000000049e-03
3.417498900000000284e-02,3.200000000000000067e-02,-4.638288688518716896e-01,1.600000000000000077e-03,1.365000000000000000e+02,2.919999999999999853e-03
3.002381100000000094e-02,2.800000000000000058e-02,8.395943674184846994e-02,4.000000000000000083e-03,6.900000000000000000e+01,1.850000000000000082e-03
3.998688799999999821e-02,1.200000000000000025e-02,-9.990208133146479819e-01,3.399999999999999811e-03,1.500000000000000000e+01,2.010000000000000068e-03
1.111831469999999961e-01,0.000000000000000000e+00,-9.715921906288021992e-01,1.000000000000000021e-03,1.500000000000000000e+01,3.700000000000000164e-03
3.581590700000000099e-02,3.599999999999999728e-02,-6.928958219201650781e-01,2.500000000000000052e-03,1.365000000000000000e+02,2.340000000000000066e-03
1.101005689999999954e-01,1.200000000000000025e-02,-9.715921906288021992e-01,1.899999999999999996e-03,1.365000000000000000e+02,2.680000000000000090e-03
3.789736459999999973e-01,0.000000000000000000e+00,3.590442868911160601e-01,4.000000000000000083e-03,9.600000000000000000e+01,1.850000000000000082e-03
1.511630690000000110e-01,4.000000000000000083e-03,-8.667670910519801319e-01,2.200000000000000133e-03,6.900000000000000000e+01,2.490000000000000026e-03
4.544140199999999880e-02,1.200000000000000025e-02,3.590442868911160601e-01,1.899999999999999996e-03,4.200000000000000000e+01,2.680000000000000090e-03
1.681553440000000121e-01,8.000000000000000167e-03,-9.715921906288021992e-01,3.700000000000000164e-03,1.095000000000000000e+02,1.920000000000000049e-03
7.985066400000000175e-02,8.000000000000000167e-03,-9.990208133146479819e-01,1.600000000000000077e-03,4.200000000000000000e+01,2.919999999999999853e-03
4.095685300000000140e-02,2.400000000000000050e-02,-9.990208133146479819e-01,1.899999999999999996e-03,6.900000000000000000e+01,2.680000000000000090e-03
2.618289999999999854e-02,4.000000000000000083e-02,9.379947521194414994e-01,2.799999999999999972e-03,1.365000000000000000e+02,2.210000000000000159e-03
2.145732300000000037e-01,0.000000000000000000e+00,8.395943674184846994e-02,3.099999999999999891e-03,4.200000000000000000e+01,2.099999999999999870e-03
2.457128339999999911e-01,0.000000000000000000e+00,3.590442868911160601e-01,1.600000000000000077e-03,9.600000000000000000e+01,2.919999999999999853e-03
1.556906919999999916e-01,0.000000000000000000e+00,9.379947521194414994e-01,2.799999999999999972e-03,2.850000000000000000e+01,2.210000000000000159e-03
6.306311700000000187e-02,2.000000000000000042e-02,9.379947521194414994e-01,3.399999999999999811e-03,1.365000000000000000e+02,2.010000000000000068e-03
1.096657139999999975e-01,8.000000000000000167e-03,-9.715921906288021992e-01,2.500000000000000052e-03,6.900000000000000000e+01,2.340000000000000066e-03
8.181713000000000180e-02,1.200000000000000025e-02,6.055278749869897892e-01,2.500000000000000052e-03,1.095000000000000000e+02,2.340000000000000066e-03
2.726599700000000015e-02,2.800000000000000058e-02,-4.638288688518716896e-01,1.600000000000000077e-03,6.900000000000000000e+01,2.919999999999999853e-03
5.883986699999999709e-02,2.400000000000000050e-02,-9.715921906288021992e-01,4.000000000000000083e-03,9.600000000000000000e+01,1.850000000000000082e-03
8.749850100000000630e-02,4.000000000000000083e-03,9.379947521194414994e-01,3.700000000000000164e-03,2.850000000000000000e+01,1.920000000000000049e-03
3.966035410000000039e-01,0.000000000000000000e+00,-8.667670910519801319e-01,2.200000000000000133e-03,1.365000000000000000e+02,2.490000000000000026e-03
2.275966999999999921e-02,4.000000000000000083e-02,3.590442868911160601e-01,1.299999999999999940e-03,1.365000000000000000e+02,3.239999999999999825e-03
6.912870200000000021e-02,2.000000000000000042e-02,-9.990208133146479819e-01,1.899999999999999996e-03,1.230000000000000000e+02,2.680000000000000090e-03
2.886503899999999789e-01,4.000000000000000083e-03,-9.990208133146479819e-01,2.799999999999999972e-03,1.500000000000000000e+02,2.210000000000000159e-03
1.633510230000000119e-01,0.000000000000000000e+00,-8.667670910519801319e-01,1.899999999999999996e-03,2.850000000000000000e+01,2.680000000000000090e-03
2.432628100000000168e-02,1.600000000000000033e-02,9.379947521194414994e-01,1.000000000000000021e-03,1.500000000000000000e+01,3.700000000000000164e-03
1.389410630000000035e-01,8.000000000000000167e-03,-9.990208133146479819e-01,3.099999999999999891e-03,8.250000000000000000e+01,2.099999999999999870e-03
2.411196999999999993e-02,4.000000000000000083e-02,8.037754597109739718e-01,1.600000000000000077e-03,1.500000000000000000e+02,2.919999999999999853e-03
3.175867699999999905e-02,3.200000000000000067e-02,-4.638288688518716896e-01,2.799999999999999972e-03,9.600000000000000000e+01,2.210000000000000159e-03
2.512109699999999848e-02,3.200000000000000067e-02,-4.638288688518716896e-01,2.500000000000000052e-03,6.900000000000000000e+01,2.340000000000000066e-03
3.246997900000000298e-02,3.200000000000000067e-02,-6.928958219201650781e-01,3.700000000000000164e-03,8.250000000000000000e+01,1.920000000000000049e-03
7.323895099999999658e-02,2.000000000000000042e-02,-6.928958219201650781e-01,2.500000000000000052e-03,1.500000000000000000e+02,2.340000000000000066e-03
1.031226979999999988e-01,4.000000000000000083e-03,-8.667670910519801319e-01,3.099999999999999891e-03,2.850000000000000000e+01,2.099999999999999870e-03
1.405463499999999935e-02,3.200000000000000067e-02,9.379947521194414994e-01,2.200000000000000133e-03,2.850000000000000000e+01,2.490000000000000026e-03
1.771645300000000006e-02,3.200000000000000067e-02,-9.990208133146479819e-01,1.299999999999999940e-03,1.500000000000000000e+01,3.239999999999999825e-03
5.607896300000000250e-02,4.000000000000000083e-03,9.379947521194414994e-01,1.899999999999999996e-03,1.500000000000000000e+01,2.680000000000000090e-03
2.723195800000000055e-02,2.400000000000000050e-02,3.590442868911160601e-01,2.200000000000000133e-03,5.550000000000000000e+01,2.490000000000000026e-03
3.952265800000000218e-02,1.600000000000000033e-02,-6.928958219201650781e-01,1.600000000000000077e-03,4.200000000000000000e+01,2.919999999999999853e-03
2.264449400000000112e-02,2.400000000000000050e-02,-4.638288688518716896e-01,3.700000000000000164e-03,2.850000000000000000e+01,1.920000000000000049e-03
1.605761990000000028e-01,4.000000000000000083e-03,6.055278749869897892e-01,2.500000000000000052e-03,9.600000000000000000e+01,2.340000000000000066e-03
6.031631300000000334e-02,2.000000000000000042e-02,-1.978135740042682167e-01,3.399999999999999811e-03,1.095000000000000000e+02,2.010000000000000068e-03
1.321808399999999974e-02,4.000000000000000083e-02,9.379947521194414994e-01,3.700000000000000164e-03,4.200000000000000000e+01,1.920000000000000049e-03
6.681368099999999977e-02,1.200000000000000025e-02,3.590442868911160601e-01,3.099999999999999891e-03,6.900000000000000000e+01,2.099999999999999870e-03
2.896760500000000044e-02,1.600000000000000033e-02,6.055278749869897892e-01,1.899999999999999996e-03,2.850000000000000000e+01,2.680000000000000090e-03
1.484909429999999864e-01,8.000000000000000167e-03,9.379947521194414994e-01,3.700000000000000164e-03,1.365000000000000000e+02,1.920000000000000049e-03
2.057094199999999831e-02,3.200000000000000067e-02,-6.928958219201650781e-01,3.099999999999999891e-03,4.200000000000000000e+01,2.099999999999999870e-03
2.921332979999999857e-01,0.000000000000000000e+00,-6.928958219201650781e-01,2.799999999999999972e-03,6.900000000000000000e+01,2.210000000000000159e-03
4.413875700000000069e-02,1.200000000000000025e-02,-4.638288688518716896e-01,3.099999999999999891e-03,2.850000000000000000e+01,2.099999999999999870e-03
9.287211600000000455e-02,1.200000000000000025e-02,8.395943674184846994e-02,4.000000000000000083e-03,9.600000000000000000e+01,1.850000000000000082e-03
1.199791199999999947e-02,3.200000000000000067e-02,8.395943674184846994e-02,2.500000000000000052e-03,1.500000000000000000e+01,2.340000000000000066e-03
4.605394399999999944e-02,2.000000000000000042e-02,6.055278749869897892e-01,1.899999999999999996e-03,1.095000000000000000e+02,2.680000000000000090e-03
2.633833030000000130e-01,0.000000000000000000e+00,-4.638288688518716896e-01,3.099999999999999891e-03,5.550000000000000000e+01,2.099999999999999870e-03
1.172627519999999979e-01,8.000000000000000167e-03,-1.978135740042682167e-01,2.799999999999999972e-03,9.600000000000000000e+01,2.210000000000000159e-03
2.013538000000000133e-02,2.400000000000000050e-02,-9.715921906288021992e-01,2.200000000000000133e-03,1.500000000000000000e+01,2.490000000000000026e-03
9.894941299999999995e-02,1.200000000000000025e-02,8.037754597109739718e-01,2.500000000000000052e-03,1.500000000000000000e+02,2.340000000000000066e-03
2.101073700000000155e-02,3.599999999999999728e-02,-9.990208133146479819e-01,2.200000000000000133e-03,4.200000000000000000e+01,2.490000000000000026e-03
2.810064599999999996e-02,2.400000000000000050e-02,-6.928958219201650781e-01,2.799999999999999972e-03,4.200000000000000000e+01,2.210000000000000159e-03
8.321867800000000426e-02,8.000000000000000167e-03,6.055278749869897892e-01,1.600000000000000077e-03,8.250000000000000000e+01,2.919999999999999853e-03
3.912985399999999864e-02,2.000000000000000042e-02,-4.638288688518716896e-01,1.000000000000000021e-03,8.250000000000000000e+01,3.700000000000000164e-03
1.328398379999999879e-01,4.000000000000000083e-03,-4.638288688518716896e-01,1.899999999999999996e-03,6.900000000000000000e+01,2.680000000000000090e-03
3.750605600000000289e-02,3.200000000000000067e-02,-4.638288688518716896e-01,2.200000000000000133e-03,1.365000000000000000e+02,2.490000000000000026e-03
1.541842499999999949e-02,3.599999999999999728e-02,3.590442868911160601e-01,1.299999999999999940e-03,4.200000000000000000e+01,3.239999999999999825e-03
9.197091899999999820e-02,1.200000000000000025e-02,-9.715921906288021992e-01,2.799999999999999972e-03,8.250000000000000000e+01,2.210000000000000159e-03
1.888073399999999971e-02,4.000000000000000083e-02,-6.928958219201650781e-01,3.399999999999999811e-03,5.550000000000000000e+01,2.010000000000000068e-03
1.029009500000000084e-02,4.000000000000000083e-02,9.379947521194414994e-01,1.299999999999999940e-03,1.500000000000000000e+01,3.239999999999999825e-03
1.273317969999999966e-01,8.000000000000000167e-03,9.379947521194414994e-01,2.500000000000000052e-03,1.365000000000000000e+02,2.340000000000000066e-03
3.583923700000000295e-02,3.200000000000000067e-02,-9.990208133146479819e-01,1.299999999999999940e-03,1.095000000000000000e+02,3.239999999999999825e-03
1.294467799999999939e-02,4.000000000000000083e-02,-9.990208133146479819e-01,2.200000000000000133e-03,1.500000000000000000e+01,2.490000000000000026e-03
3.775812900000000139e-02,2.000000000000000042e-02,8.037754597109739718e-01,2.799999999999999972e-03,6.900000000000000000e+01,2.210000000000000159e-03
2.210916300000000112e-02,2.000000000000000042e-02,-4.638288688518716896e-01,1.299999999999999940e-03,1.500000000000000000e+01,3.239999999999999825e-03
6.902349500000000415e-02,1.600000000000000033e-02,-1.978135740042682167e-01,3.399999999999999811e-03,9.600000000000000000e+01,2.010000000000000068e-03
3.573128689999999774e-01,0.000000000000000000e+00,8.037754597109739718e-01,2.799999999999999972e-03,1.230000000000000000e+02,2.210000000000000159e-03
4.434756699999999746e-02,2.400000000000000050e-02,-1.978135740042682167e-01,1.899999999999999996e-03,1.230000000000000000e+02,2.680000000000000090e-03
2.549740299999999835e-02,3.599999999999999728e-02,-6.928958219201650781e-01,1.000000000000000021e-03,1.095000000000000000e+02,3.700000000000000164e-03
2.097654650000000121e-01,4.000000000000000083e-03,-8.667670910519801319e-01,1.899999999999999996e-03,1.365000000000000000e+02,2.680000000000000090e-03
1.793949509999999969e-01,4.000000000000000083e-03,-9.715921906288021992e-01,3.099999999999999891e-03,6.900000000000000000e+01,2.099999999999999870e-03
1.952250200000000060e-02,3.599999999999999728e-02,8.395943674184846994e-02,1.899999999999999996e-03,6.900000000000000000e+01,2.680000000000000090e-03
4.293232699999999930e-02,2.000000000000000042e-02,6.055278749869897892e-01,2.799999999999999972e-03,8.250000000000000000e+01,2.210000000000000159e-03
3.146300300000000327e-02,4.000000000000000083e-02,-1.978135740042682167e-01,4.000000000000000083e-03,1.230000000000000000e+02,1.850000000000000082e-03
2.991871499999999851e-02,3.599999999999999728e-02,8.037754597109739718e-01,2.200000000000000133e-03,1.500000000000000000e+02,2.490000000000000026e-03
2.893100700000000164e-02,2.400000000000000050e-02,-1.978135740042682167e-01,2.200000000000000133e-03,5.550000000000000000e+01,2.490000000000000026e-03
4.128500699999999857e-02,4.000000000000000083e-02,-9.990208133146479819e-01,2.500000000000000052e-03,1.500000000000000000e+02,2.340000000000000066e-03
7.505830400000000624e-02,8.000000000000000167e-03,-9.990208133146479819e-01,3.099999999999999891e-03,2.850000000000000000e+01,2.099999999999999870e-03
7.237242000000000675e-02,1.200000000000000025e-02,-8.667670910519801319e-01,3.399999999999999811e-03,5.550000000000000000e+01,2.010000000000000068e-03
3.816346100000000269e-02,2.800000000000000058e-02,-1.978135740042682167e-01,1.299999999999999940e-03,1.500000000000000000e+02,3.239999999999999825e-03
1.407102799999999931e-02,4.000000000000000083e-02,8.395943674184846994e-02,3.099999999999999891e-03,4.200000000000000000e+01,2.099999999999999870e-03
2.904774800000000171e-02,3.200000000000000067e-02,-8.667670910519801319e-01,3.099999999999999891e-03,6.900000000000000000e+01,2.099999999999999870e-03
1.593889529999999999e-01,8.000000000000000167e-03,-6.928958219201650781e-01,3.399999999999999811e-03,1.230000000000000000e+02,2.010000000000000068e-03
7.620975400000000455e-02,1.200000000000000025e-02,8.395943674184846994e-02,1.000000000000000021e-03,1.500000000000000000e+02,3.700000000000000164e-03
9.344342699999999557e-02,8.000000000000000167e-03,3.590442868911160601e-01,2.200000000000000133e-03,8.250000000000000000e+01,2.490000000000000026e-03
3.830697699999999900e-02,2.000000000000000042e-02,-1.978135740042682167e-01,3.399999999999999811e-03,5.550000000000000000e+01,2.010000000000000068e-03
1.191451900000000015e-02,4.000000000000000083e-02,-9.715921906288021992e-01,2.500000000000000052e-03,1.500000000000000000e+01,2.340000000000000066e-03
3.221455799999999731e-02,2.800000000000000058e-02,8.395943674184846994e-02,2.200000000000000133e-03,9.600000000000000000e+01,2.490000000000000026e-03
5.594255100000000008e-02,2.400000000000000050e-02,8.395943674184846994e-02,2.799999999999999972e-03,1.500000000000000000e+02,2.210000000000000159e-03
2.729879500000000070e-02,3.599999999999999728e-02,3.590442868911160601e-01,2.200000000000000133e-03,1.230000000000000000e+02,2.490000000000000026e-03
7.989094099999999310e-02,1.600000000000000033e-02,-1.978135740042682167e-01,2.200000000000000133e-03,1.500000000000000000e+02,2.490000000000000026e-03
4.425656599999999719e-02,3.200000000000000067e-02,-9.990208133146479819e-01,3.700000000000000164e-03,9.600000000000000000e+01,1.920000000000000049e-03
4.881238999999999717e-02,1.600000000000000033e-02,8.395943674184846994e-02,4.000000000000000083e-03,5.550000000000000000e+01,1.850000000000000082e-03
1.855791600000000069e-02,4.000000000000000083e-02,8.395943674184846994e-02,1.600000000000000077e-03,8.250000000000000000e+01,2.919999999999999853e-03
2.144833100000000103e-02,3.599999999999999728e-02,3.590442868911160601e-01,1.299999999999999940e-03,9.600000000000000000e+01,3.239999999999999825e-03
5.673171700000000095e-02,2.400000000000000050e-02,-9.715921906288021992e-01,2.799999999999999972e-03,1.095000000000000000e+02,2.210000000000000159e-03
2.286723180000000133e-01,4.000000000000000083e-03,9.379947521194414994e-01,3.700000000000000164e-03,1.365000000000000000e+02,1.920000000000000049e-03
2.112810999999999856e-02,2.800000000000000058e-02,-9.990208133146479819e-01,1.000000000000000021e-03,1.500000000000000000e+01,3.700000000000000164e-03
3.557265099999999680e-02,2.000000000000000042e-02,-4.638288688518716896e-01,1.899999999999999996e-03,5.550000000000000000e+01,2.680000000000000090e-03
6.760477500000000584e-02,8.000000000000000167e-03,8.395943674184846994e-02,1.299999999999999940e-03,5.550000000000000000e+01,3.239999999999999825e-03
5.534052799999999994e-02,4.000000000000000083e-03,8.037754597109739718e-01,1.299999999999999940e-03,1.500000000000000000e+01,3.239999999999999825e-03
3.031563199999999861e-02,1.600000000000000033e-02,3.590442868911160601e-01,2.799999999999999972e-03,2.850000000000000000e+01,2.210000000000000159e-03
4.446776200000000095e-02,3.200000000000000067e-02,-8.667670910519801319e-01,2.200000000000000133e-03,1.500000000000000000e+02,2.490000000000000026e-03
3.650765300000000102e-02,2.000000000000000042e-02,9.379947521194414994e-01,1.000000000000000021e-03,9.600000000000000000e+01,3.700000000000000164e-03
1.562606999999999885e-02,3.599999999999999728e-02,8.395943674184846994e-02,1.600000000000000077e-03,4.200000000000000000e+01,2.919999999999999853e-03
5.171421400000000140e-02,2.400000000000000050e-02,-4.638288688518716896e-01,2.200000000000000133e-03,1.365000000000000000e+02,2.490000000000000026e-03
2.937133559999999810e-01,0.000000000000000000e+00,-9.990208133146479819e-01,1.299999999999999940e-03,1.095000000000000000e+02,3.239999999999999825e-03
7.633026499999999437e-02,4.000000000000000083e-03,6.055278749869897892e-01,1.899999999999999996e-03,2.850000000000000000e+01,2.680000000000000090e-03
4.851085100000000067e-02,2.400000000000000050e-02,-9.990208133146479819e-01,2.500000000000000052e-03,8.250000000000000000e+01,2.340000000000000066e-03
9.976996300000000317e-02,1.200000000000000025e-02,-6.928958219201650781e-01,1.899999999999999996e-03,1.365000000000000000e+02,2.680000000000000090e-03
3.149870700000000079e-02,1.200000000000000025e-02,-1.978135740042682167e-01,4.000000000000000083e-03,1.500000000000000000e+01,1.850000000000000082e-03
1.679263249999999874e-01,4.000000000000000083e-03,3.590442868911160601e-01,3.399999999999999811e-03,8.250000000000000000e+01,2.010000000000000068e-03
2.321934700000000129e-02,3.599999999999999728e-02,9.379947521194414994e-01,1.899999999999999996e-03,1.095000000000000000e+02,2.680000000000000090e-03
8.416410000000000557e-02,8.000000000000000167e-03,-1.978135740042682167e-01,1.299999999999999940e-03,8.250000000000000000e+01,3.239999999999999825e-03
6.859294500000000239e-02,1.200000000000000025e-02,-8.667670910519801319e-01,2.799999999999999972e-03,5.550000000000000000e+01,2.210000000000000159e-03
4.101531700000000114e-01,0.000000000000000000e+00,-4.638288688518716896e-01,3.099999999999999891e-03,1.230000000000000000e+02,2.099999999999999870e-03
5.070303300000000152e-02,1.600000000000000033e-02,9.379947521194414994e-01,1.299999999999999940e-03,1.095000000000000000e+02,3.239999999999999825e-03
1.691109550000000072e-01,0.000000000000000000e+00,-9.990208133146479819e-01,1.600000000000000077e-03,2.850000000000000000e+01,2.919999999999999853e-03
6.037881999999999971e-02,2.400000000000000050e-02,-9.990208133146479819e-01,2.200000000000000133e-03,1.230000000000000000e+02,2.490000000000000026e-03
3.278217970000000259e-01,0.000000000000000000e+00,-1.978135740042682167e-01,1.600000000000000077e-03,1.500000000000000000e+02,2.919999999999999853e-03
1.330429740000000083e-01,4.000000000000000083e-03,-1.978135740042682167e-01,1.600000000000000077e-03,8.250000000000000000e+01,2.919999999999999853e-03
1.990420999999999857e-02,3.200000000000000067e-02,-6.928958219201650781e-01,1.899999999999999996e-03,4.200000000000000000e+01,2.680000000000000090e-03
3.811675600000000164e-02,1.600000000000000033e-02,8.395943674184846994e-02,1.000000000000000021e-03,5.550000000000000000e+01,3.700000000000000164e-03
2.742748760000000008e-01,4.000000000000000083e-03,-9.990208133146479819e-01,2.500000000000000052e-03,1.500000000000000000e+02,2.340000000000000066e-03
2.305173660000000013e-01,0.000000000000000000e+00,6.055278749869897892e-01,4.000000000000000083e-03,4.200000000000000000e+01,1.850000000000000082e-03
3.824422300000000080e-02,2.400000000000000050e-02,8.395943674184846994e-02,2.200000000000000133e-03,9.600000000000000000e+01,2.490000000000000026e-03
5.869322800000000007e-02,1.200000000000000025e-02,-1.978135740042682167e-01,2.500000000000000052e-03,5.550000000000000000e+01,2.340000000000000066e-03
1.640774020000000111e-01,8.000000000000000167e-03,-4.638288688518716896e-01,3.399999999999999811e-03,1.365000000000000000e+02,2.010000000000000068e-03
3.361606400000000106e-02,3.200000000000000067e-02,-9.715921906288021992e-01,1.299999999999999940e-03,1.095000000000000000e+02,3.239999999999999825e-03
2.087160100000000004e-02,3.200000000000000067e-02,6.055278749869897892e-01,1.600000000000000077e-03,6.900000000000000000e+01,2.919999999999999853e-03
9.739865999999999802e-02,1.200000000000000025e-02,3.590442868911160601e-01,3.099999999999999891e-03,1.230000000000000000e+02,2.099999999999999870e-03
1.049918289999999949e-01,1.200000000000000025e-02,6.055278749869897892e-01,2.799999999999999972e-03,1.500000000000000000e+02,2.210000000000000159e-03
2.041154900000000105e-02,2.800000000000000058e-02,9.379947521194414994e-01,4.000000000000000083e-03,4.200000000000000000e+01,1.850000000000000082e-03
4.202883899999999839e-02,3.599999999999999728e-02,-9.990208133146479819e-01,2.799999999999999972e-03,1.230000000000000000e+02,2.210000000000000159e-03
1.008008500000000078e-02,4.000000000000000083e-02,8.395943674184846994e-02,1.899999999999999996e-03,1.500000000000000000e+01,2.680000000000000090e-03
1.365525799999999998e-02,3.599999999999999728e-02,-1.978135740042682167e-01,2.500000000000000052e-03,2.850000000000000000e+01,2.340000000000000066e-03
7.929102200000000267e-02,1.600000000000000033e-02,-4.638288688518716896e-01,2.799999999999999972e-03,1.230000000000000000e+02,2.210000000000000159e-03
3.623390900000000164e-02,3.599999999999999728e-02,-9.990208133146479819e-01,3.099999999999999891e-03,9.600000000000000000e+01,2.099999999999999870e-03
1.957570599999999827e-02,2.000000000000000042e-02,8.037754597109739718e-01,1.299999999999999940e-03,1.500000000000000000e+01,3.239999999999999825e-03
2.004870200000000158e-02,4.000000000000000083e-02,-1.978135740042682167e-01,2.200000000000000133e-03,8.250000000000000000e+01,2.490000000000000026e-03
3.496623299999999934e-02,2.400000000000000050e-02,-1.978135740042682167e-01,1.899999999999999996e-03,8.250000000000000000e+01,2.680000000000000090e-03
1.102196809999999999e-01,1.200000000000000025e-02,-9.715921906288021992e-01,2.799999999999999972e-03,1.095000000000000000e+02,2.210000000000000159e-03
4.887816200000000277e-02,2.800000000000000058e-02,-9.990208133146479819e-01,1.899999999999999996e-03,1.230000000000000000e+02,2.680000000000000090e-03
1.296118800000000022e-02,4.000000000000000083e-02,3.590442868911160601e-01,1.000000000000000021e-03,2.850000000000000000e+01,3.700000000000000164e-03
2.036809599999999873e-02,2.400000000000000050e-02,8.037754597109739718e-01,1.000000000000000021e-03,2.850000000000000000e+01,3.700000000000000164e-03
4.416745899999999919e-02,3.599999999999999728e-02,-8.667670910519801319e-01,3.700000000000000164e-03,1.365000000000000000e+02,1.920000000000000049e-03
2.374443399999999829e-02,3.200000000000000067e-02,-6.928958219201650781e-01,2.799999999999999972e-03,5.550000000000000000e+01,2.210000000000000159e-03
2.054016100000000122e-02,3.599999999999999728e-02,9.379947521194414994e-01,4.000000000000000083e-03,6.900000000000000000e+01,1.850000000000000082e-03
6.835283600000000015e-02,2.000000000000000042e-02,-4.638288688518716896e-01,3.399999999999999811e-03,1.230000000000000000e+02,2.010000000000000068e-03
8.127370700000000059e-02,8.000000000000000167e-03,-4.638288688518716896e-01,1.000000000000000021e-03,8.250000000000000000e+01,3.700000000000000164e-03
1.582885189999999886e-01,1.200000000000000025e-02,-9.715921906288021992e-01,4.000000000000000083e-03,1.500000000000000000e+02,1.850000000000000082e-03
2.808786099999999869e-02,4.000000000000000083e-02,9.379947521194414994e-01,2.799999999999999972e-03,1.500000000000000000e+02,2.210000000000000159e-03
3.234753900000000154e-02,3.200000000000000067e-02,8.395943674184846994e-02,2.200000000000000133e-03,1.230000000000000000e+02,2.490000000000000026e-03
1.795379480000000028e-01,0.000000000000000000e+00,6.055278749869897892e-01,1.600000000000000077e-03,5.550000000000000000e+01,2.919999999999999853e-03
4.786533700000000086e-02,1.600000000000000033e-02,3.590442868911160601e-01,1.600000000000000077e-03,8.250000000000000000e+01,2.919999999999999853e-03
1.620912700000000095e-01,4.000000000000000083e-03,3.590442868911160601e-01,3.099999999999999891e-03,8.250000000000000000e+01,2.099999999999999870e-03
2.733953700000000056e-02,3.599999999999999728e-02,8.037754597109739718e-01,1.600000000000000077e-03,1.500000000000000000e+02,2.919999999999999853e-03
1.491287360000000117e-01,8.000000000000000167e-03,-9.715921906288021992e-01,1.899999999999999996e-03,1.365000000000000000e+02,2.680000000000000090e-03
2.812523899999999979e-02,2.000000000000000042e-02,9.379947521194414994e-01,2.799999999999999972e-03,4.200000000000000000e+01,2.210000000000000159e-03
2.329208600000000004e-02,3.599999999999999728e-02,-1.978135740042682167e-01,4.000000000000000083e-03,6.900000000000000000e+01,1.850000000000000082e-03
1.465985710000000108e-01,8.000000000000000167e-03,-4.638288688518716896e-01,3.700000000000000164e-03,1.095000000000000000e+02,1.920000000000000049e-03
1.033162390000000042e-01,1.200000000000000025e-02,-6.928958219201650781e-01,3.099999999999999891e-03,1.095000000000000000e+02,2.099999999999999870e-03
2.471791599999999950e-02,3.599999999999999728e-02,8.037754597109739718e-01,1.299999999999999940e-03,1.365000000000000000e+02,3.239999999999999825e-03
9.543219799999999586e-02,1.200000000000000025e-02,-4.638288688518716896e-01,2.799999999999999972e-03,1.095000000000000000e+02,2.210000000000000159e-03
8.203742699999999610e-02,4.000000000000000083e-03,8.037754597109739718e-01,2.799999999999999972e-03,2.850000000000000000e+01,2.210000000000000159e-03
1.436575699999999983e-02,2.800000000000000058e-02,3.590442868911160601e-01,1.600000000000000077e-03,1.500000000000000000e+01,2.919999999999999853e-03
5.114943899999999793e-02,1.600000000000000033e-02,-9.715921906288021992e-01,1.899999999999999996e-03,5.550000000000000000e+01,2.680000000000000090e-03
8.528332099999999527e-02,8.000000000000000167e-03,-1.978135740042682167e-01,1.899999999999999996e-03,6.900000000000000000e+01,2.680000000000000090e-03
5.822573300000000174e-02,2.000000000000000042e-02,-8.667670910519801319e-01,1.299999999999999940e-03,1.365000000000000000e+02,3.239999999999999825e-03
1.827526599999999835e-02,2.000000000000000042e-02,6.055278749869897892e-01,2.500000000000000052e-03,1.500000000000000000e+01,2.340000000000000066e-03
7.763058800000000037e-02,1.200000000000000025e-02,-6.928958219201650781e-01,1.299999999999999940e-03,1.095000000000000000e+02,3.239999999999999825e-03
3.246611600000000319e-02,1.600000000000000033e-02,-1.978135740042682167e-01,3.099999999999999891e-03,2.850000000000000000e+01,2.099999999999999870e-03
6.723581700000000327e-02,1.200000000000000025e-02,-1.978135740042682167e-01,1.299999999999999940e-03,9.600000000000000000e+01,3.239999999999999825e-03
1.832243759999999944e-01,4.000000000000000083e-03,8.395943674184846994e-02,1.600000000000000077e-03,1.500000000000000000e+02,2.919999999999999853e-03
4.212311600000000211e-02,2.000000000000000042e-02,6.055278749869897892e-01,1.000000000000000021e-03,1.230000000000000000e+02,3.700000000000000164e-03
1.950359000000000120e-02,4.000000000000000083e-02,3.590442868911160601e-01,2.799999999999999972e-03,8.250000000000000000e+01,2.210000000000000159e-03
2.610137100000000168e-02,2.800000000000000058e-02,-8.667670910519801319e-01,3.700000000000000164e-03,4.200000000000000000e+01,1.920000000000000049e-03
3.697707430000000128e-01,0.000000000000000000e+00,-9.990208133146479819e-01,2.500000000000000052e-03,9.600000000000000000e+01,2.340000000000000066e-03
1.610516489999999912e-01,4.000000000000000083e-03,-8.667670910519801319e-01,1.299999999999999940e-03,1.095000000000000000e+02,3.239999999999999825e-03
2.080924389999999902e-01,0.000000000000000000e+00,-6.928958219201650781e-01,1.299999999999999940e-03,6.900000000000000000e+01,3.239999999999999825e-03
2.898725099999999860e-02,2.000000000000000042e-02,9.379947521194414994e-01,3.399999999999999811e-03,4.200000000000000000e+01,2.010000000000000068e-03
2.312991500000000089e-02,3.599999999999999728e-02,6.055278749869897892e-01,1.600000000000000077e-03,1.095000000000000000e+02,2.919999999999999853e-03
5.535349400000000308e-02,2.400000000000000050e-02,-8.667670910519801319e-01,3.099999999999999891e-03,1.095000000000000000e+02,2.099999999999999870e-03
1.957279400000000100e-02,2.000000000000000042e-02,8.395943674184846994e-02,1.899999999999999996e-03,1.500000000000000000e+01,2.680000000000000090e-03
3.789508600000000144e-02,1.600000000000000033e-02,9.379947521194414994e-01,4.000000000000000083e-03,4.200000000000000000e+01,1.850000000000000082e-03
4.166994000000000253e-02,2.400000000000000050e-02,8.037754597109739718e-01,3.700000000000000164e-03,9.600000000000000000e+01,1.920000000000000049e-03
1.444600879999999865e-01,4.000000000000000083e-03,8.395943674184846994e-02,1.000000000000000021e-03,1.365000000000000000e+02,3.700000000000000164e-03
5.415025100000000341e-02,2.400000000000000050e-02,-9.715921906288021992e-01,1.299999999999999940e-03,1.500000000000000000e+02,3.239999999999999825e-03
3.617618300000000064e-02,3.200000000000000067e-02,-1.978135740042682167e-01,2.799999999999999972e-03,1.230000000000000000e+02,2.210000000000000159e-03
2.347282700000000166e-02,2.000000000000000042e-02,9.379947521194414994e-01,3.399999999999999811e-03,2.850000000000000000e+01,2.010000000000000068e-03
8.915250199999999459e-02,1.200000000000000025e-02,8.395943674184846994e-02,2.799999999999999972e-03,1.095000000000000000e+02,2.210000000000000159e-03
7.072731399999999946e-02,1.600000000000000033e-02,-9.715921906288021992e-01,4.000000000000000083e-03,6.900000000000000000e+01,1.850000000000000082e-03
4.898428600000000188e-02,2.800000000000000058e-02,-4.638288688518716896e-01,3.700000000000000164e-03,1.230000000000000000e+02,1.920000000000000049e-03
7.945779399999999826e-02,1.600000000000000033e-02,-6.928958219201650781e-01,3.099999999999999891e-03,1.095000000000000000e+02,2.099999999999999870e-03
1.141790500000000076e-02,4.000000000000000083e-02,-9.715921906288021992e-01,3.700000000000000164e-03,1.500000000000000000e+01,1.920000000000000049e-03
1.642077140000000046e-01,0.000000000000000000e+00,-4.638288688518716896e-01,1.000000000000000021e-03,5.550000000000000000e+01,3.700000000000000164e-03
3.068786829999999854e-01,0.000000000000000000e+00,3.590442868911160601e-01,2.200000000000000133e-03,1.095000000000000000e+02,2.490000000000000026e-03
1.399340400000000095e-01,4.000000000000000083e-03,3.590442868911160601e-01,4.000000000000000083e-03,5.550000000000000000e+01,1.850000000000000082e-03
1.555838200000000081e-02,2.400000000000000050e-02,8.037754597109739718e-01,1.899999999999999996e-03,1.500000000000000000e+01,2.680000000000000090e-03
1.630218439999999991e-01,4.000000000000000083e-03,9.379947521194414994e-01,1.600000000000000077e-03,1.365000000000000000e+02,2.919999999999999853e-03
3.073112980000000105e-01,4.000000000000000083e-03,-9.990208133146479819e-01,3.700000000000000164e-03,1.365000000000000000e+02,1.920000000000000049e-03
3.887446600000000335e-02,1.600000000000000033e-02,8.395943674184846994e-02,3.099999999999999891e-03,4.200000000000000000e+01,2.099999999999999870e-03
2.920269220000000221e-01,0.000000000000000000e+00,3.590442868911160601e-01,2.799999999999999972e-03,8.250000000000000000e+01,2.210000000000000159e-03
3.892384699999999753e-02,3.200000000000000067e-02,8.037754597109739718e-01,3.099999999999999891e-03,1.500000000000000000e+02,2.099999999999999870e-03
3.033735499999999988e-02,1.200000000000000025e-02,8.037754597109739718e-01,1.000000000000000021e-03,1.500000000000000000e+01,3.700000000000000164e-03
6.020447000000000298e-02,8.000000000000000167e-03,-6.928958219201650781e-01,2.200000000000000133e-03,2.850000000000000000e+01,2.490000000000000026e-03
3.369692099999999774e-02,3.599999999999999728e-02,-9.715921906288021992e-01,3.099999999999999891e-03,9.600000000000000000e+01,2.099999999999999870e-03
5.256954999999999961e-02,1.600000000000000033e-02,-4.638288688518716896e-01,1.600000000000000077e-03,8.250000000000000000e+01,2.919999999999999853e-03
5.273264500000000160e-02,2.800000000000000058e-02,-8.667670910519801319e-01,3.399999999999999811e-03,1.230000000000000000e+02,2.010000000000000068e-03
7.368524799999999486e-02,1.200000000000000025e-02,-4.638288688518716896e-01,1.600000000000000077e-03,9.600000000000000000e+01,2.919999999999999853e-03
2.484444289999999944e-01,4.000000000000000083e-03,-6.928958219201650781e-01,3.099999999999999891e-03,1.365000000000000000e+02,2.099999999999999870e-03
3.201642700000000008e-02,2.400000000000000050e-02,9.379947521194414994e-01,3.399999999999999811e-03,6.900000000000000000e+01,2.010000000000000068e-03
4.302368599999999849e-02,2.400000000000000050e-02,-8.667670910519801319e-01,1.299999999999999940e-03,1.095000000000000000e+02,3.239999999999999825e-03
8.770003999999999647e-03,4.000000000000000083e-02,3.590442868911160601e-01,4.000000000000000083e-03,1.500000000000000000e+01,1.850000000000000082e-03
1.873983200000000141e-02,2.400000000000000050e-02,-8.667670910519801319e-01,2.500000000000000052e-03,1.500000000000000000e+01,2.340000000000000066e-03
2.293188000000000171e-02,3.599999999999999728e-02,-6.928958219201650781e-01,2.500000000000000052e-03,6.900000000000000000e+01,2.340000000000000066e-03
3.002198699999999998e-02,2.000000000000000042e-02,-8.667670910519801319e-01,3.399999999999999811e-03,2.850000000000000000e+01,2.010000000000000068e-03
9.203348499999999821e-02,1.200000000000000025e-02,-6.928958219201650781e-01,1.299999999999999940e-03,1.500000000000000000e+02,3.239999999999999825e-03
2.419330399999999881e-02,4.000000000000000083e-02,-4.638288688518716896e-01,2.799999999999999972e-03,9.600000000000000000e+01,2.210000000000000159e-03
2.393058500000000074e-02,3.200000000000000067e-02,6.055278749869897892e-01,1.299999999999999940e-03,9.600000000000000000e+01,3.239999999999999825e-03
3.274420100000000056e-02,2.400000000000000050e-02,-1.978135740042682167e-01,1.299999999999999940e-03,8.250000000000000000e+01,3.239999999999999825e-03
1.946358899999999989e-02,3.200000000000000067e-02,-4.638288688518716896e-01,1.000000000000000021e-03,4.200000000000000000e+01,3.700000000000000164e-03
1.476995099999999991e-02,4.000000000000000083e-02,6.055278749869897892e-01,1.899999999999999996e-03,5.550000000000000000e+01,2.680000000000000090e-03
4.148564999999999892e-02,2.400000000000000050e-02,-8.667670910519801319e-01,3.399999999999999811e-03,6.900000000000000000e+01,2.010000000000000068e-03
2.202419799999999830e-02,3.599999999999999728e-02,-6.928958219201650781e-01,1.899999999999999996e-03,6.900000000000000000e+01,2.680000000000000090e-03
4.224561899999999814e-02,3.200000000000000067e-02,-9.715921906288021992e-01,4.000000000000000083e-03,9.600000000000000000e+01,1.850000000000000082e-03
6.476287299999999858e-02,8.000000000000000167e-03,6.055278749869897892e-01,1.299999999999999940e-03,5.550000000000000000e+01,3.239999999999999825e-03
1.371655930000000023e-01,8.000000000000000167e-03,-8.667670910519801319e-01,3.099999999999999891e-03,9.600000000000000000e+01,2.099999999999999870e-03
1.084092300000000057e-02,4.000000000000000083e-02,-8.667670910519801319e-01,3.399999999999999811e-03,1.500000000000000000e+01,2.010000000000000068e-03
2.569369800000000092e-02,2.800000000000000058e-02,9.379947521194414994e-01,1.600000000000000077e-03,8.250000000000000000e+01,2.919999999999999853e-03
1.897776899999999850e-02,2.800000000000000058e-02,-4.638288688518716896e-01,3.399999999999999811e-03,2.850000000000000000e+01,2.010000000000000068e-03
5.579404899999999834e-02,2.000000000000000042e-02,-4.638288688518716896e-01,1.899999999999999996e-03,1.230000000000000000e+02,2.680000000000000090e-03
3.592125499999999916e-02,3.200000000000000067e-02,3.590442868911160601e-01,2.200000000000000133e-03,1.500000000000000000e+02,2.490000000000000026e-03
2.510699200000000159e-02,3.200000000000000067e-02,-1.978135740042682167e-01,3.099999999999999891e-03,6.900000000000000000e+01,2.099999999999999870e-03
1.747962999999999947e-02,3.200000000000000067e-02,9.379947521194414994e-01,4.000000000000000083e-03,4.200000000000000000e+01,1.850000000000000082e-03
6.038825700000000074e-02,2.800000000000000058e-02,-9.990208133146479819e-01,2.799999999999999972e-03,1.365000000000000000e+02,2.210000000000000159e-03
1.817679150000000021e-01,4.000000000000000083e-03,-8.667670910519801319e-01,1.299999999999999940e-03,1.365000000000000000e+02,3.239999999999999825e-03
9.883724900000000202e-02,4.000000000000000083e-03,8.037754597109739718e-01,2.500000000000000052e-03,4.200000000000000000e+01,2.340000000000000066e-03
2.376950599999999927e-02,3.599999999999999728e-02,6.055278749869897892e-01,1.299999999999999940e-03,1.230000000000000000e+02,3.239999999999999825e-03
6.388629399999999625e-02,4.000000000000000083e-03,8.395943674184846994e-02,3.099999999999999891e-03,1.500000000000000000e+01,2.099999999999999870e-03
3.126832469999999975e-01,0.000000000000000000e+00,8.395943674184846994e-02,3.099999999999999891e-03,8.250000000000000000e+01,2.099999999999999870e-03
7.164899299999999416e-02,2.000000000000000042e-02,-6.928958219201650781e-01,3.399999999999999811e-03,1.230000000000000000e+02,2.010000000000000068e-03
3.656267900000000071e-02,2.800000000000000058e-02,8.037754597109739718e-01,2.500000000000000052e-03,1.230000000000000000e+02,2.340000000000000066e-03
6.373287699999999334e-02,8.000000000000000167e-03,-4.638288688518716896e-01,1.299999999999999940e-03,4.200000000000000000e+01,3.239999999999999825e-03
1.458816800000000032e-02,2.800000000000000058e-02,-4.638288688518716896e-01,2.799999999999999972e-03,1.500000000000000000e+01,2.210000000000000159e-03
9.849362899999999921e-02,4.000000000000000083e-03,3.590442868911160601e-01,2.200000000000000133e-03,4.200000000000000000e+01,2.490000000000000026e-03
5.825966400000000267e-02,2.000000000000000042e-02,8.395943674184846994e-02,3.399999999999999811e-03,1.095000000000000000e+02,2.010000000000000068e-03
1.677915899999999835e-02,4.000000000000000083e-02,3.590442868911160601e-01,1.899999999999999996e-03,6.900000000000000000e+01,2.680000000000000090e-03
1.377918860000000023e-01,4.000000000000000083e-03,8.395943674184846994e-02,2.500000000000000052e-03,6.900000000000000000e+01,2.340000000000000066e-03
1.601984199999999942e-02,3.200000000000000067e-02,-9.715921906288021992e-01,1.600000000000000077e-03,1.500000000000000000e+01,2.919999999999999853e-03
4.464439600000000286e-02,2.400000000000000050e-02,3.590442868911160601e-01,4.000000000000000083e-03,9.600000000000000000e+01,1.850000000000000082e-03
2.549571299999999971e-02,1.600000000000000033e-02,-4.638288688518716896e-01,1.899999999999999996e-03,1.500000000000000000e+01,2.680000000000000090e-03
2.478679400000000088e-02,4.000000000000000083e-02,-4.638288688518716896e-01,3.099999999999999891e-03,9.600000000000000000e+01,2.099999999999999870e-03
3.724835499999999688e-02,2.800000000000000058e-02,9.379947521194414994e-01,2.200000000000000133e-03,1.365000000000000000e+02,2.490000000000000026e-03
1.018213730000000067e-01,8.000000000000000167e-03,-8.667670910519801319e-01,1.299999999999999940e-03,9.600000000000000000e+01,3.239999999999999825e-03
1.356227399999999916e-02,4.000000000000000083e-02,9.379947521194414994e-01,1.000000000000000021e-03,4.200000000000000000e+01,3.700000000000000164e-03
2.164695499999999898e-02,4.000000000000000083e-02,3.590442868911160601e-01,2.799999999999999972e-03,9.600000000000000000e+01,2.210000000000000159e-03
1.395156589999999863e-01,4.000000000000000083e-03,9.379947521194414994e-01,3.099999999999999891e-03,6.900000000000000000e+01,2.099999999999999870e-03
8.754205700000000645e-02,1.200000000000000025e-02,-9.715921906288021992e-01,3.399999999999999811e-03,6.900000000000000000e+01,2.010000000000000068e-03
1.715621770000000101e-01,0.000000000000000000e+00,-8.667670910519801319e-01,2.200000000000000133e-03,2.850000000000000000e+01,2.490000000000000026e-03
3.739490200000000070e-02,2.000000000000000042e-02,6.055278749869897892e-01,2.500000000000000052e-03,6.900000000000000000e+01,2.340000000000000066e-03
4.655458199999999713e-02,2.000000000000000042e-02,6.055278749869897892e-01,1.000000000000000021e-03,1.500000000000000000e+02,3.700000000000000164e-03
1.632148330000000036e-01,4.000000000000000083e-03,8.037754597109739718e-01,1.899999999999999996e-03,1.230000000000000000e+02,2.680000000000000090e-03
1.343514259999999960e-01,8.000000000000000167e-03,8.037754597109739718e-01,2.799999999999999972e-03,1.365000000000000000e+02,2.210000000000000159e-03
1.140894429999999987e-01,4.000000000000000083e-03,8.037754597109739718e-01,1.299999999999999940e-03,8.250000000000000000e+01,3.239999999999999825e-03
4.674924700000000072e-02,2.400000000000000050e-02,8.037754597109739718e-01,2.500000000000000052e-03,1.365000000000000000e+02,2.340000000000000066e-03
3.612329999999999708e-02,2.000000000000000042e-02,-9.715921906288021992e-01,1.899999999999999996e-03,4.200000000000000000e+01,2.680000000000000090e-03
2.573287599999999828e-02,2.800000000000000058e-02,6.055278749869897892e-01,1.299999999999999940e-03,8.250000000000000000e+01,3.239999999999999825e-03
2.897870799999999886e-02,3.200000000000000067e-02,8.037754597109739718e-01,1.899999999999999996e-03,1.230000000000000000e+02,2.680000000000000090e-03
3.296743400000000102e-01,0.000000000000000000e+00,9.379947521194414994e-01,2.799999999999999972e-03,1.095000000000000000e+02,2.210000000000000159e-03
1.419658900000000078e-02,4.000000000000000083e-02,-4.638288688518716896e-01,1.000000000000000021e-03,2.850000000000000000e+01,3.700000000000000164e-03
9.078885999999999554e-03,4.000000000000000083e-02,8.395943674184846994e-02,3.700000000000000164e-03,1.500000000000000000e+01,1.920000000000000049e-03
2.516673440000000150e-01,0.000000000000000000e+00,8.037754597109739718e-01,2.200000000000000133e-03,8.250000000000000000e+01,2.490000000000000026e-03
1.156771919999999981e-01,8.000000000000000167e-03,-9.990208133146479819e-01,3.700000000000000164e-03,5.550000000000000000e+01,1.920000000000000049e-03
1.930335220000000129e-01,0.000000000000000000e+00,-9.715921906288021992e-01,1.600000000000000077e-03,4.200000000000000000e+01,2.919999999999999853e-03
1.344548090000000085e-01,8.000000000000000167e-03,3.590442868911160601e-01,2.200000000000000133e-03,1.500000000000000000e+02,2.490000000000000026e-03
3.613825799999999949e-02,1.600000000000000033e-02,-6.928958219201650781e-01,4.000000000000000083e-03,2.850000000000000000e+01,1.850000000000000082e-03
2.515677599999999875e-02,3.599999999999999728e-02,-9.715921906288021992e-01,4.000000000000000083e-03,5.550000000000000000e+01,1.850000000000000082e-03
3.187659600000000010e-02,3.200000000000000067e-02,-8.667670910519801319e-01,2.799999999999999972e-03,8.250000000000000000e+01,2.210000000000000159e-03
6.487293900000000446e-02,2.000000000000000042e-02,-4.638288688518716896e-01,3.700000000000000164e-03,1.095000000000000000e+02,1.920000000000000049e-03
9.570282500000000525e-02,1.200000000000000025e-02,-9.990208133146479819e-01,3.700000000000000164e-03,6.900000000000000000e+01,1.920000000000000049e-03
3.370842290000000130e-01,4.000000000000000083e-03,-9.990208133146479819e-01,4.000000000000000083e-03,1.500000000000000000e+02,1.850000000000000082e-03
2.672203830000000058e-01,0.000000000000000000e+00,-1.978135740042682167e-01,3.399999999999999811e-03,5.550000000000000000e+01,2.010000000000000068e-03
4.107513499999999873e-02,8.000000000000000167e-03,8.395943674184846994e-02,2.500000000000000052e-03,1.500000000000000000e+01,2.340000000000000066e-03
7.046363999999999406e-02,1.600000000000000033e-02,9.379947521194414994e-01,2.500000000000000052e-03,1.365000000000000000e+02,2.340000000000000066e-03
4.172717599999999777e-02,3.599999999999999728e-02,-6.928958219201650781e-01,3.099999999999999891e-03,1.500000000000000000e+02,2.099999999999999870e-03
2.748558900000000124e-02,3.200000000000000067e-02,-6.928958219201650781e-01,3.099999999999999891e-03,6.900000000000000000e+01,2.099999999999999870e-03
1.426676349999999871e-01,0.000000000000000000e+00,-1.978135740042682167e-01,1.000000000000000021e-03,4.200000000000000000e+01,3.700000000000000164e-03
3.667824499999999821e-02,2.000000000000000042e-02,9.379947521194414994e-01,1.600000000000000077e-03,8.250000000000000000e+01,2.919999999999999853e-03
2.914721099999999926e-02,3.200000000000000067e-02,-9.990208133146479819e-01,3.099999999999999891e-03,5.550000000000000000e+01,2.099999999999999870e-03
5.695579099999999867e-02,1.600000000000000033e-02,-6.928958219201650781e-01,2.799999999999999972e-03,6.900000000000000000e+01,2.210000000000000159e-03
1.706185889999999872e-01,4.000000000000000083e-03,9.379947521194414994e-01,3.099999999999999891e-03,9.600000000000000000e+01,2.099999999999999870e-03
2.121214899999999959e-02,2.400000000000000050e-02,-1.978135740042682167e-01,2.500000000000000052e-03,2.850000000000000000e+01,2.340000000000000066e-03
4.719548099999999746e-02,2.000000000000000042e-02,8.037754597109739718e-01,2.200000000000000133e-03,1.095000000000000000e+02,2.490000000000000026e-03
3.585442800000000069e-02,3.200000000000000067e-02,-6.928958219201650781e-01,1.299999999999999940e-03,1.500000000000000000e+02,3.239999999999999825e-03
7.341693000000000524e-02,1.600000000000000033e-02,3.590442868911160601e-01,3.700000000000000164e-03,1.095000000000000000e+02,1.920000000000000049e-03
5.999510300000000101e-02,1.600000000000000033e-02,-8.667670910519801319e-01,1.899999999999999996e-03,8.250000000000000000e+01,2.680000000000000090e-03
1.122923410000000038e-01,1.200000000000000025e-02,-9.990208133146479819e-01,2.500000000000000052e-03,1.095000000000000000e+02,2.340000000000000066e-03
6.730878699999999493e-02,1.200000000000000025e-02,-8.667670910519801319e-01,1.600000000000000077e-03,6.900000000000000000e+01,2.919999999999999853e-03
2.756629500000000108e-02,2.800000000000000058e-02,6.055278749869897892e-01,3.399999999999999811e-03,6.900000000000000000e+01,2.010000000000000068e-03
2.545873249999999755e-01,0.000000000000000000e+00,6.055278749869897892e-01,2.200000000000000133e-03,8.250000000000000000e+01,2.490000000000000026e-03
2.729179360000000276e-01,0.000000000000000000e+00,6.055278749869897892e-01,3.099999999999999891e-03,6.900000000000000000e+01,2.099999999999999870e-03
3.554494999999999877e-02,1.600000000000000033e-02,-1.978135740042682167e-01,1.000000000000000021e-03,4.200000000000000000e+01,3.700000000000000164e-03
1.034725910000000026e-01,1.200000000000000025e-02,-9.715921906288021992e-01,1.600000000000000077e-03,1.365000000000000000e+02,2.919999999999999853e-03
4.311371669999999878e-01,0.000000000000000000e+00,-4.638288688518716896e-01,3.399999999999999811e-03,1.230000000000000000e+02,2.010000000000000068e-03
4.513793599999999656e-02,2.000000000000000042e-02,-8.667670910519801319e-01,2.200000000000000133e-03,6.900000000000000000e+01,2.490000000000000026e-03
2.607900800000000074e-02,4.000000000000000083e-02,6.055278749869897892e-01,2.500000000000000052e-03,1.365000000000000000e+02,2.340000000000000066e-03
1.639757639999999961e-01,4.000000000000000083e-03,9.379947521194414994e-01,2.799999999999999972e-03,9.600000000000000000e+01,2.210000000000000159e-03
9.632085899999999479e-02,1.200000000000000025e-02,-9.715921906288021992e-01,1.899999999999999996e-03,1.095000000000000000e+02,2.680000000000000090e-03
1.249102349999999945e-01,0.000000000000000000e+00,8.395943674184846994e-02,3.399999999999999811e-03,1.500000000000000000e+01,2.010000000000000068e-03
2.918907499999999836e-02,3.599999999999999728e-02,8.395943674184846994e-02,2.500000000000000052e-03,1.230000000000000000e+02,2.340000000000000066e-03
5.457343600000000294e-02,2.400000000000000050e-02,-9.990208133146479819e-01,1.600000000000000077e-03,1.230000000000000000e+02,2.919999999999999853e-03
2.461847899999999867e-02,2.000000000000000042e-02,8.395943674184846994e-02,1.899999999999999996e-03,2.850000000000000000e+01,2.680000000000000090e-03
3.256874600000000258e-02,2.800000000000000058e-02,6.055278749869897892e-01,2.799999999999999972e-03,9.600000000000000000e+01,2.210000000000000159e-03
5.916309599999999835e-02,1.200000000000000025e-02,9.379947521194414994e-01,1.600000000000000077e-03,8.250000000000000000e+01,2.919999999999999853e-03
1.400059160000000080e-01,4.000000000000000083e-03,-8.667670910519801319e-01,2.500000000000000052e-03,5.550000000000000000e+01,2.340000000000000066e-03
2.849051799999999940e-02,3.200000000000000067e-02,8.395943674184846994e-02,2.500000000000000052e-03,9.600000000000000000e+01,2.340000000000000066e-03
1.908768699999999902e-02,4.000000000000000083e-02,9.379947521194414994e-01,3.099999999999999891e-03,8.250000000000000000e+01,2.099999999999999870e-03
2.711513499999999854e-02,2.400000000000000050e-02,-9.990208133146479819e-01,2.200000000000000133e-03,2.850000000000000000e+01,2.490000000000000026e-03
1.853691600000000050e-01,4.000000000000000083e-03,-4.638288688518716896e-01,2.799999999999999972e-03,9.600000000000000000e+01,2.210000000000000159e-03
2.301681599999999897e-02,2.800000000000000058e-02,-6.928958219201650781e-01,1.899999999999999996e-03,4.200000000000000000e+01,2.680000000000000090e-03
2.171417999999999959e-02,1.600000000000000033e-02,9.379947521194414994e-01,3.700000000000000164e-03,1.500000000000000000e+01,1.920000000000000049e-03
2.568831099999999840e-02,4.000000000000000083e-02,-8.667670910519801319e-01,1.600000000000000077e-03,1.095000000000000000e+02,2.919999999999999853e-03
1.204845099999999995e-02,3.200000000000000067e-02,-1.978135740042682167e-01,3.399999999999999811e-03,1.500000000000000000e+01,2.010000000000000068e-03
1.770899700000000063e-02,2.000000000000000042e-02,8.037754597109739718e-01,3.700000000000000164e-03,1.500000000000000000e+01,1.920000000000000049e-03
1.565027999999999905e-02,2.800000000000000058e-02,6.055278749869897892e-01,1.000000000000000021e-03,1.500000000000000000e+01,3.700000000000000164e-03
2.649402999999999828e-02,3.200000000000000067e-02,6.055278749869897892e-01,1.600000000000000077e-03,1.095000000000000000e+02,2.919999999999999853e-03
9.831871699999999992e-02,4.000000000000000083e-03,6.055278749869897892e-01,1.000000000000000021e-03,6.900000000000000000e+01,3.700000000000000164e-03
3.505667700000000275e-01,0.000000000000000000e+00,-8.667670910519801319e-01,3.099999999999999891e-03,8.250000000000000000e+01,2.099999999999999870e-03
1.664582300000000056e-02,4.000000000000000083e-02,8.037754597109739718e-01,2.500000000000000052e-03,6.900000000000000000e+01,2.340000000000000066e-03
8.653223899999999691e-02,1.200000000000000025e-02,-8.667670910519801319e-01,1.600000000000000077e-03,1.095000000000000000e+02,2.919999999999999853e-03
2.679074399999999828e-02,4.000000000000000083e-02,6.055278749869897892e-01,2.200000000000000133e-03,1.500000000000000000e+02,2.490000000000000026e-03
3.738582800000000289e-02,2.400000000000000050e-02,-6.928958219201650781e-01,2.799999999999999972e-03,6.900000000000000000e+01,2.210000000000000159e-03
1.036715099999999945e-01,4.000000000000000083e-03,-6.928958219201650781e-01,3.700000000000000164e-03,2.850000000000000000e+01,1.920000000000000049e-03
2.345029599999999895e-02,2.400000000000000050e-02,3.590442868911160601e-01,1.000000000000000021e-03,4.200000000000000000e+01,3.700000000000000164e-03
1.289569170000000042e-01,4.000000000000000083e-03,9.379947521194414994e-01,1.000000000000000021e-03,1.230000000000000000e+02,3.700000000000000164e-03
1.358989199999999925e-02,2.800000000000000058e-02,8.395943674184846994e-02,2.799999999999999972e-03,1.500000000000000000e+01,2.210000000000000159e-03
3.487675800000000076e-02,3.599999999999999728e-02,-4.638288688518716896e-01,2.200000000000000133e-03,1.500000000000000000e+02,2.490000000000000026e-03
3.504126659999999838e-01,0.000000000000000000e+00,-6.928958219201650781e-01,2.799999999999999972e-03,9.600000000000000000e+01,2.210000000000000159e-03
2.742634099999999991e-02,2.800000000000000058e-02,-4.638288688518716896e-01,3.399999999999999811e-03,5.550000000000000000e+01,2.010000000000000068e-03
5.392022410000000265e-01,0.000000000000000000e+00,-6.928958219201650781e-01,4.000000000000000083e-03,1.500000000000000000e+02,1.850000000000000082e-03
3.978201499999999696e-02,2.400000000000000050e-02,9.379947521194414994e-01,2.500000000000000052e-03,1.095000000000000000e+02,2.340000000000000066e-03
3.410685030000000229e-01,0.000000000000000000e+00,3.590442868911160601e-01,2.799999999999999972e-03,1.095000000000000000e+02,2.210000000000000159e-03
2.850534399999999843e-02,3.200000000000000067e-02,8.395943674184846994e-02,3.700000000000000164e-03,8.250000000000000000e+01,1.920000000000000049e-03
1.590049500000000060e-01,0.000000000000000000e+00,6.055278749869897892e-01,2.799999999999999972e-03,2.850000000000000000e+01,2.210000000000000159e-03
3.199625449999999871e-01,0.000000000000000000e+00,8.037754597109739718e-01,2.200000000000000133e-03,1.230000000000000000e+02,2.490000000000000026e-03
1.604058889999999959e-01,8.000000000000000167e-03,-6.928958219201650781e-01,2.500000000000000052e-03,1.500000000000000000e+02,2.340000000000000066e-03
5.121180100000000124e-02,2.400000000000000050e-02,-9.715921906288021992e-01,1.600000000000000077e-03,1.230000000000000000e+02,2.919999999999999853e-03
2.182560899999999929e-02,2.800000000000000058e-02,-9.715921906288021992e-01,2.200000000000000133e-03,2.850000000000000000e+01,2.490000000000000026e-03
1.923664799999999855e-02,2.400000000000000050e-02,-1.978135740042682167e-01,1.000000000000000021e-03,1.500000000000000000e+01,3.700000000000000164e-03
1.807307799999999937e-02,4.000000000000000083e-02,8.395943674184846994e-02,1.000000000000000021e-03,8.250000000000000000e+01,3.700000000000000164e-03
1.064006549999999968e-01,8.000000000000000167e-03,-4.638288688518716896e-01,2.500000000000000052e-03,8.250000000000000000e+01,2.340000000000000066e-03
3.898954699999999940e-02,2.000000000000000042e-02,-6.928958219201650781e-01,2.500000000000000052e-03,5.550000000000000000e+01,2.340000000000000066e-03
1.939297400000000032e-02,4.000000000000000083e-02,-9.715921906288021992e-01,1.299999999999999940e-03,5.550000000000000000e+01,3.239999999999999825e-03
2.814813199999999932e-02,3.200000000000000067e-02,-4.638288688518716896e-01,4.000000000000000083e-03,6.900000000000000000e+01,1.850000000000000082e-03
1.844514300000000065e-02,4.000000000000000083e-02,-9.715921906288021992e-01,3.700000000000000164e-03,4.200000000000000000e+01,1.920000000000000049e-03
3.495957899999999757e-02,3.200000000000000067e-02,-4.638288688518716896e-01,2.200000000000000133e-03,1.230000000000000000e+02,2.490000000000000026e-03
2.276867999999999947e-02,4.000000000000000083e-02,9.379947521194414994e-01,1.299999999999999940e-03,1.500000000000000000e+02,3.239999999999999825e-03
5.538645100000000321e-02,2.400000000000000050e-02,-9.715921906288021992e-01,3.399999999999999811e-03,9.600000000000000000e+01,2.010000000000000068e-03
1.090780899999999921e-02,3.599999999999999728e-02,-4.638288688518716896e-01,4.000000000000000083e-03,1.500000000000000000e+01,1.850000000000000082e-03
1.228008099999999998e-02,4.000000000000000083e-02,-9.990208133146479819e-01,3.399999999999999811e-03,1.500000000000000000e+01,2.010000000000000068e-03
2.019252169999999902e-01,4.000000000000000083e-03,3.590442868911160601e-01,2.500000000000000052e-03,1.365000000000000000e+02,2.340000000000000066e-03
5.220264000000000154e-02,1.600000000000000033e-02,8.395943674184846994e-02,3.099999999999999891e-03,6.900000000000000000e+01,2.099999999999999870e-03
5.782376300000000025e-02,4.000000000000000083e-03,9.379947521194414994e-01,2.500000000000000052e-03,1.500000000000000000e+01,2.340000000000000066e-03
4.022299229999999892e-01,0.000000000000000000e+00,-6.928958219201650781e-01,3.700000000000000164e-03,9.600000000000000000e+01,1.920000000000000049e-03
2.966488250000000049e-01,0.000000000000000000e+00,9.379947521194414994e-01,2.200000000000000133e-03,1.095000000000000000e+02,2.490000000000000026e-03
2.761770499999999934e-02,2.800000000000000058e-02,-9.990208133146479819e-01,2.200000000000000133e-03,4.200000000000000000e+01,2.490000000000000026e-03
6.841039299999999990e-02,1.600000000000000033e-02,8.037754597109739718e-01,3.399999999999999811e-03,1.095000000000000000e+02,2.010000000000000068e-03
4.619342800000000165e-02,2.400000000000000050e-02,9.379947521194414994e-01,2.500000000000000052e-03,1.365000000000000000e+02,2.340000000000000066e-03
4.446657400000000177e-02,3.599999999999999728e-02,-9.990208133146479819e-01,2.200000000000000133e-03,1.500000000000000000e+02,2.490000000000000026e-03
3.168705899999999659e-02,2.000000000000000042e-02,9.379947521194414994e-01,1.000000000000000021e-03,6.900000000000000000e+01,3.700000000000000164e-03
1.108336629999999989e-01,4.000000000000000083e-03,-8.667670910519801319e-01,4.000000000000000083e-03,2.850000000000000000e+01,1.850000000000000082e-03
3.390912100000000040e-02,2.800000000000000058e-02,-8.667670910519801319e-01,1.899999999999999996e-03,8.250000000000000000e+01,2.680000000000000090e-03
2.082101600000000122e-02,4.000000000000000083e-02,8.395943674184846994e-02,3.099999999999999891e-03,8.250000000000000000e+01,2.099999999999999870e-03
4.752882700000000266e-02,3.200000000000000067e-02,-9.990208133146479819e-01,2.200000000000000133e-03,1.365000000000000000e+02,2.490000000000000026e-03
1.855280100000000071e-02,3.599999999999999728e-02,6.055278749869897892e-01,1.899999999999999996e-03,6.900000000000000000e+01,2.680000000000000090e-03
4.894633000000000317e-02,3.599999999999999728e-02,-9.990208133146479819e-01,2.799999999999999972e-03,1.500000000000000000e+02,2.210000000000000159e-03
3.617469799999999819e-02,1.200000000000000025e-02,8.037754597109739718e-01,1.299999999999999940e-03,2.850000000000000000e+01,3.239999999999999825e-03
3.111117799999999975e-02,4.000000000000000083e-02,-4.638288688518716896e-01,2.799999999999999972e-03,1.365000000000000000e+02,2.210000000000000159e-03
6.613439200000000018e-02,1.600000000000000033e-02,3.590442868911160601e-01,2.200000000000000133e-03,1.230000000000000000e+02,2.490000000000000026e-03
5.174730999999999775e-02,1.600000000000000033e-02,-6.928958219201650781e-01,1.899999999999999996e-03,6.900000000000000000e+01,2.680000000000000090e-03
4.434384000000000242e-02,1.600000000000000033e-02,9.379947521194414994e-01,2.200000000000000133e-03,6.900000000000000000e+01,2.490000000000000026e-03
3.092715999999999868e-02,4.000000000000000083e-02,-9.990208133146479819e-01,2.799999999999999972e-03,9.600000000000000000e+01,2.210000000000000159e-03
4.536101800000000295e-02,2.800000000000000058e-02,-1.978135740042682167e-01,3.399999999999999811e-03,1.230000000000000000e+02,2.010000000000000068e-03
5.899136900000000183e-02,2.000000000000000042e-02,6.055278749869897892e-01,2.200000000000000133e-03,1.500000000000000000e+02,2.490000000000000026e-03
5.311114399999999902e-02,3.599999999999999728e-02,-9.715921906288021992e-01,4.000000000000000083e-03,1.500000000000000000e+02,1.850000000000000082e-03
2.193498400000000112e-02,4.000000000000000083e-02,-1.978135740042682167e-01,2.200000000000000133e-03,9.600000000000000000e+01,2.490000000000000026e-03
2.054278500000000091e-02,2.400000000000000050e-02,8.395943674184846994e-02,1.899999999999999996e-03,2.850000000000000000e+01,2.680000000000000090e-03
4.929278100000000079e-02,8.000000000000000167e-03,-8.667670910519801319e-01,3.700000000000000164e-03,1.500000000000000000e+01,1.920000000000000049e-03
4.216364100000000170e-02,1.600000000000000033e-02,-9.715921906288021992e-01,1.000000000000000021e-03,4.200000000000000000e+01,3.700000000000000164e-03
7.396604299999999521e-02,1.200000000000000025e-02,-9.715921906288021992e-01,1.899999999999999996e-03,6.900000000000000000e+01,2.680000000000000090e-03
5.781949000000000116e-02,2.400000000000000050e-02,-4.638288688518716896e-01,2.500000000000000052e-03,1.500000000000000000e+02,2.340000000000000066e-03
6.017505699999999708e-02,2.000000000000000042e-02,3.590442868911160601e-01,4.000000000000000083e-03,1.095000000000000000e+02,1.850000000000000082e-03
4.710982999999999837e-02,2.800000000000000058e-02,8.395943674184846994e-02,2.799999999999999972e-03,1.500000000000000000e+02,2.210000000000000159e-03
7.434353100000000436e-02,1.200000000000000025e-02,-1.978135740042682167e-01,1.000000000000000021e-03,1.365000000000000000e+02,3.700000000000000164e-03
4.414425400000000083e-02,2.000000000000000042e-02,9.379947521194414994e-01,3.399999999999999811e-03,8.250000000000000000e+01,2.010000000000000068e-03
2.184078799999999987e-02,1.600000000000000033e-02,9.379947521194414994e-01,4.000000000000000083e-03,1.500000000000000000e+01,1.850000000000000082e-03
9.485337300000000471e-02,1.600000000000000033e-02,-4.638288688518716896e-01,3.099999999999999891e-03,1.500000000000000000e+02,2.099999999999999870e-03
5.110477299999999917e-02,1.200000000000000025e-02,-9.715921906288021992e-01,3.099999999999999891e-03,2.850000000000000000e+01,2.099999999999999870e-03
3.896345699999999995e-02,2.400000000000000050e-02,6.055278749869897892e-01,1.600000000000000077e-03,1.230000000000000000e+02,2.919999999999999853e-03
1.482987000000000020e-02,4.000000000000000083e-02,6.055278749869897892e-01,1.299999999999999940e-03,5.550000000000000000e+01,3.239999999999999825e-03
1.285654119999999900e-01,0.000000000000000000e+00,-6.928958219201650781e-01,2.799999999999999972e-03,1.500000000000000000e+01,2.210000000000000159e-03
1.579160699999999917e-02,2.400000000000000050e-02,6.055278749869897892e-01,1.899999999999999996e-03,1.500000000000000000e+01,2.680000000000000090e-03
3.114909299999999923e-02,3.599999999999999728e-02,8.395943674184846994e-02,4.000000000000000083e-03,1.095000000000000000e+02,1.850000000000000082e-03
1.518521130000000108e-01,4.000000000000000083e-03,-6.928958219201650781e-01,1.899999999999999996e-03,8.250000000000000000e+01,2.680000000000000090e-03
2.070986549999999926e-01,4.000000000000000083e-03,-8.667670910519801319e-01,2.500000000000000052e-03,1.095000000000000000e+02,2.340000000000000066e-03
7.020948000000000466e-02,1.600000000000000033e-02,-6.928958219201650781e-01,2.799999999999999972e-03,9.600000000000000000e+01,2.210000000000000159e-03
2.113686600000000068e-02,3.599999999999999728e-02,9.379947521194414994e-01,1.000000000000000021e-03,1.095000000000000000e+02,3.700000000000000164e-03
1.369012300000000022e-02,2.800000000000000058e-02,8.395943674184846994e-02,2.500000000000000052e-03,1.500000000000000000e+01,2.340000000000000066e-03
2.805616099999999960e-02,4.000000000000000083e-02,-4.638288688518716896e-01,3.399999999999999811e-03,1.095000000000000000e+02,2.010000000000000068e-03
3.251084600000000296e-02,2.000000000000000042e-02,6.055278749869897892e-01,1.000000000000000021e-03,6.900000000000000000e+01,3.700000000000000164e-03
2.833084799999999875e-02,4.000000000000000083e-02,8.037754597109739718e-01,3.399999999999999811e-03,1.365000000000000000e+02,2.010000000000000068e-03
4.056848899999999924e-02,2.800000000000000058e-02,-4.638288688518716896e-01,3.700000000000000164e-03,9.600000000000000000e+01,1.920000000000000049e-03
4.810909000000000019e-02,2.400000000000000050e-02,-8.667670910519801319e-01,3.700000000000000164e-03,8.250000000000000000e+01,1.920000000000000049e-03
2.398041979999999962e-01,4.000000000000000083e-03,8.395943674184846994e-02,3.099999999999999891e-03,1.500000000000000000e+02,2.099999999999999870e-03
2.926507600000000098e-02,4.000000000000000083e-02,-6.928958219201650781e-01,2.500000000000000052e-03,1.230000000000000000e+02,2.340000000000000066e-03
4.335189999999999877e-02,2.000000000000000042e-02,8.037754597109739718e-01,1.600000000000000077e-03,1.095000000000000000e+02,2.919999999999999853e-03
3.089649200000000109e-02,2.400000000000000050e-02,-1.978135740042682167e-01,1.600000000000000077e-03,6.900000000000000000e+01,2.919999999999999853e-03
4.075185099999999866e-02,2.400000000000000050e-02,-8.667670910519801319e-01,1.000000000000000021e-03,1.095000000000000000e+02,3.700000000000000164e-03
3.749654899999999708e-02,2.000000000000000042e-02,-1.978135740042682167e-01,3.099999999999999891e-03,5.550000000000000000e+01,2.099999999999999870e-03
4.217989229999999923e-01,0.000000000000000000e+00,-8.667670910519801319e-01,2.500000000000000052e-03,1.365000000000000000e+02,2.340000000000000066e-03
2.546397099999999844e-02,2.000000000000000042e-02,-1.978135740042682167e-01,1.600000000000000077e-03,2.850000000000000000e+01,2.919999999999999853e-03
5.659372299999999856e-02,1.600000000000000033e-02,3.590442868911160601e-01,2.200000000000000133e-03,9.600000000000000000e+01,2.490000000000000026e-03
2.989808700000000027e-02,2.000000000000000042e-02,8.037754597109739718e-01,4.000000000000000083e-03,4.200000000000000000e+01,1.850000000000000082e-03
1.878753199999999915e-02,4.000000000000000083e-02,3.590442868911160601e-01,2.200000000000000133e-03,8.250000000000000000e+01,2.490000000000000026e-03
3.105841499999999894e-02,2.000000000000000042e-02,-9.715921906288021992e-01,3.099999999999999891e-03,2.850000000000000000e+01,2.099999999999999870e-03
1.163459059999999989e-01,8.000000000000000167e-03,-6.928958219201650781e-01,4.000000000000000083e-03,6.900000000000000000e+01,1.850000000000000082e-03
1.591948799999999900e-02,3.599999999999999728e-02,-8.667670910519801319e-01,1.899999999999999996e-03,2.850000000000000000e+01,2.680000000000000090e-03
3.007886699999999872e-02,3.200000000000000067e-02,-9.990208133146479819e-01,1.899999999999999996e-03,6.900000000000000000e+01,2.680000000000000090e-03
1.798834360000000077e-01,4.000000000000000083e-03,3.590442868911160601e-01,1.899999999999999996e-03,1.365000000000000000e+02,2.680000000000000090e-03
1.141859899999999976e-02,3.599999999999999728e-02,-6.928958219201650781e-01,4.000000000000000083e-03,1.500000000000000000e+01,1.850000000000000082e-03
3.025494100000000047e-02,3.599999999999999728e-02,-9.715921906288021992e-01,3.099999999999999891e-03,8.250000000000000000e+01,2.099999999999999870e-03
3.728561999999999849e-02,4.000000000000000083e-02,-4.638288688518716896e-01,3.700000000000000164e-03,1.500000000000000000e+02,1.920000000000000049e-03
1.522856479999999957e-01,0.000000000000000000e+00,-9.715921906288021992e-01,3.700000000000000164e-03,1.500000000000000000e+01,1.920000000000000049e-03
1.718193510000000090e-01,4.000000000000000083e-03,8.395943674184846994e-02,3.399999999999999811e-03,8.250000000000000000e+01,2.010000000000000068e-03
9.111540099999999864e-02,1.200000000000000025e-02,-1.978135740042682167e-01,2.200000000000000133e-03,1.230000000000000000e+02,2.490000000000000026e-03
3.222354100000000138e-02,3.599999999999999728e-02,3.590442868911160601e-01,3.700000000000000164e-03,1.230000000000000000e+02,1.920000000000000049e-03
5.439492399999999728e-02,2.000000000000000042e-02,-8.667670910519801319e-01,1.600000000000000077e-03,1.095000000000000000e+02,2.919999999999999853e-03
2.338062399999999916e-02,3.599999999999999728e-02,3.590442868911160601e-01,1.000000000000000021e-03,1.230000000000000000e+02,3.700000000000000164e-03
2.920622700000000127e-02,4.000000000000000083e-02,-9.715921906288021992e-01,1.600000000000000077e-03,1.230000000000000000e+02,2.919999999999999853e-03
4.420184199999999813e-02,2.000000000000000042e-02,6.055278749869897892e-01,2.200000000000000133e-03,9.600000000000000000e+01,2.490000000000000026e-03
2.964322200000000032e-02,4.000000000000000083e-02,8.395943674184846994e-02,3.099999999999999891e-03,1.365000000000000000e+02,2.099999999999999870e-03
2.333242500000000039e-02,2.400000000000000050e-02,3.590442868911160601e-01,1.600000000000000077e-03,4.200000000000000000e+01,2.919999999999999853e-03
3.583452540000000019e-01,0.000000000000000000e+00,-9.715921906288021992e-01,3.700000000000000164e-03,6.900000000000000000e+01,1.920000000000000049e-03
1.767237199999999869e-02,2.000000000000000042e-02,9.379947521194414994e-01,2.799999999999999972e-03,1.500000000000000000e+01,2.210000000000000159e-03
4.020469699999999758e-02,2.800000000000000058e-02,8.037754597109739718e-01,2.200000000000000133e-03,1.500000000000000000e+02,2.490000000000000026e-03
2.282621899999999829e-02,2.400000000000000050e-02,9.379947521194414994e-01,2.500000000000000052e-03,4.200000000000000000e+01,2.340000000000000066e-03
2.131221800000000083e-02,3.200000000000000067e-02,9.379947521194414994e-01,1.000000000000000021e-03,8.250000000000000000e+01,3.700000000000000164e-03
5.476267199999999835e-02,1.200000000000000025e-02,-4.638288688518716896e-01,3.099999999999999891e-03,4.200000000000000000e+01,2.099999999999999870e-03
7.184287100000000259e-02,8.000000000000000167e-03,-8.667670910519801319e-01,1.600000000000000077e-03,4.200000000000000000e+01,2.919999999999999853e-03
1.657697199999999885e-02,2.400000000000000050e-02,-1.978135740042682167e-01,2.500000000000000052e-03,1.500000000000000000e+01,2.340000000000000066e-03
5.364681799999999889e-02,2.000000000000000042e-02,-4.638288688518716896e-01,2.799999999999999972e-03,9.600000000000000000e+01,2.210000000000000159e-03
2.610056800000000107e-02,2.800000000000000058e-02,9.379947521194414994e-01,1.000000000000000021e-03,9.600000000000000000e+01,3.700000000000000164e-03
1.362549220000000005e-01,4.000000000000000083e-03,9.379947521194414994e-01,1.000000000000000021e-03,1.365000000000000000e+02,3.700000000000000164e-03
5.342153300000000021e-02,1.200000000000000025e-02,8.037754597109739718e-01,2.500000000000000052e-03,5.550000000000000000e+01,2.340000000000000066e-03
3.314352599999999954e-02,3.200000000000000067e-02,3.590442868911160601e-01,3.399999999999999811e-03,1.095000000000000000e+02,2.010000000000000068e-03
3.801499600000000229e-02,2.400000000000000050e-02,-1.978135740042682167e-01,1.000000000000000021e-03,1.230000000000000000e+02,3.700000000000000164e-03
2.257908620000000088e-01,0.000000000000000000e+00,9.379947521194414994e-01,4.000000000000000083e-03,4.200000000000000000e+01,1.850000000000000082e-03
3.385642700000000144e-02,2.400000000000000050e-02,-8.667670910519801319e-01,2.500000000000000052e-03,5.550000000000000000e+01,2.340000000000000066e-03
2.900347799999999920e-02,3.599999999999999728e-02,-8.667670910519801319e-01,1.600000000000000077e-03,1.095000000000000000e+02,2.919999999999999853e-03
3.057949999999999904e-02,3.200000000000000067e-02,9.379947521194414994e-01,1.899999999999999996e-03,1.365000000000000000e+02,2.680000000000000090e-03
3.459881299999999910e-02,2.000000000000000042e-02,8.037754597109739718e-01,3.399999999999999811e-03,5.550000000000000000e+01,2.010000000000000068e-03
4.365163500000000113e-02,2.800000000000000058e-02,-9.990208133146479819e-01,3.099999999999999891e-03,8.250000000000000000e+01,2.099999999999999870e-03
2.942507200000000003e-02,3.599999999999999728e-02,3.590442868911160601e-01,3.700000000000000164e-03,1.095000000000000000e+02,1.920000000000000049e-03
1.143282099999999926e-02,3.200000000000000067e-02,6.055278749869897892e-01,2.500000000000000052e-03,1.500000000000000000e+01,2.340000000000000066e-03
2.385435499999999931e-01,0.000000000000000000e+00,-4.638288688518716896e-01,1.000000000000000021e-03,1.230000000000000000e+02,3.700000000000000164e-03
1.509976900000000073e-02,3.599999999999999728e-02,6.055278749869897892e-01,1.299999999999999940e-03,4.200000000000000000e+01,3.239999999999999825e-03
2.709976600000000083e-02,3.200000000000000067e-02,3.590442868911160601e-01,1.600000000000000077e-03,1.095000000000000000e+02,2.919999999999999853e-03
1.494646600000000027e-02,3.200000000000000067e-02,3.590442868911160601e-01,4.000000000000000083e-03,2.850000000000000000e+01,1.850000000000000082e-03
3.913438300000000175e-02,2.000000000000000042e-02,-9.990208133146479819e-01,2.200000000000000133e-03,4.200000000000000000e+01,2.490000000000000026e-03
1.276278449999999898e-01,8.000000000000000167e-03,-9.715921906288021992e-01,2.200000000000000133e-03,9.600000000000000000e+01,2.490000000000000026e-03
6.281790099999999544e-02,2.400000000000000050e-02,8.395943674184846994e-02,3.700000000000000164e-03,1.500000000000000000e+02,1.920000000000000049e-03
3.669914299999999657e-02,2.400000000000000050e-02,-9.715921906288021992e-01,2.799999999999999972e-03,5.550000000000000000e+01,2.210000000000000159e-03
2.210933099999999943e-02,2.800000000000000058e-02,3.590442868911160601e-01,1.000000000000000021e-03,5.550000000000000000e+01,3.700000000000000164e-03
3.069785200000000117e-02,3.599999999999999728e-02,-1.978135740042682167e-01,3.399999999999999811e-03,1.095000000000000000e+02,2.010000000000000068e-03
2.571145799999999954e-02,3.599999999999999728e-02,3.590442868911160601e-01,1.299999999999999940e-03,1.365000000000000000e+02,3.239999999999999825e-03
8.801041599999999410e-02,1.200000000000000025e-02,-6.928958219201650781e-01,2.500000000000000052e-03,9.600000000000000000e+01,2.340000000000000066e-03
9.869480999999999393e-03,4.000000000000000083e-02,8.037754597109739718e-01,1.600000000000000077e-03,1.500000000000000000e+01,2.919999999999999853e-03
3.138372700000000015e-02,3.200000000000000067e-02,6.055278749869897892e-01,3.099999999999999891e-03,1.095000000000000000e+02,2.099999999999999870e-03
1.230110499999999968e-02,3.599999999999999728e-02,8.037754597109739718e-01,1.000000000000000021e-03,1.500000000000000000e+01,3.700000000000000164e-03
3.353883500000000295e-02,3.200000000000000067e-02,8.037754597109739718e-01,4.000000000000000083e-03,1.095000000000000000e+02,1.850000000000000082e-03
4.348458200000000079e-02,3.200000000000000067e-02,-1.978135740042682167e-01,3.700000000000000164e-03,1.365000000000000000e+02,1.920000000000000049e-03
3.204459310000000172e-01,4.000000000000000083e-03,-9.715921906288021992e-01,4.000000000000000083e-03,1.500000000000000000e+02,1.850000000000000082e-03
3.287692300000000234e-02,3.599999999999999728e-02,-9.715921906288021992e-01,1.000000000000000021e-03,1.500000000000000000e+02,3.700000000000000164e-03
5.418169600000000141e-02,2.000000000000000042e-02,-9.990208133146479819e-01,1.000000000000000021e-03,1.095000000000000000e+02,3.700000000000000164e-03
2.753796899999999895e-02,4.000000000000000083e-02,9.379947521194414994e-01,4.000000000000000083e-03,1.230000000000000000e+02,1.850000000000000082e-03
8.216679100000000291e-02,8.000000000000000167e-03,9.379947521194414994e-01,1.000000000000000021e-03,1.095000000000000000e+02,3.700000000000000164e-03
7.153287299999999682e-02,1.600000000000000033e-02,3.590442868911160601e-01,1.899999999999999996e-03,1.500000000000000000e+02,2.680000000000000090e-03
2.732835200000000020e-02,4.000000000000000083e-02,3.590442868911160601e-01,3.399999999999999811e-03,1.230000000000000000e+02,2.010000000000000068e-03
1.900336899999999912e-02,4.000000000000000083e-02,-9.990208133146479819e-01,2.799999999999999972e-03,4.200000000000000000e+01,2.210000000000000159e-03
1.587726720000000036e-01,4.000000000000000083e-03,3.590442868911160601e-01,1.600000000000000077e-03,1.230000000000000000e+02,2.919999999999999853e-03
3.770405799999999863e-02,2.400000000000000050e-02,9.379947521194414994e-01,2.799999999999999972e-03,9.600000000000000000e+01,2.210000000000000159e-03
1.679955799999999916e-02,3.599999999999999728e-02,8.037754597109739718e-01,2.500000000000000052e-03,5.550000000000000000e+01,2.340000000000000066e-03
1.372085600000000002e-02,4.000000000000000083e-02,-8.667670910519801319e-01,1.000000000000000021e-03,1.500000000000000000e+01,3.700000000000000164e-03
4.650228900000000221e-02,2.000000000000000042e-02,3.590442868911160601e-01,3.399999999999999811e-03,8.250000000000000000e+01,2.010000000000000068e-03
8.905966999999999356e-02,1.600000000000000033e-02,-6.928958219201650781e-01,2.799999999999999972e-03,1.365000000000000000e+02,2.210000000000000159e-03
6.086847199999999986e-02,1.600000000000000033e-02,3.590442868911160601e-01,2.799999999999999972e-03,9.600000000000000000e+01,2.210000000000000159e-03
2.746973800000000049e-02,3.200000000000000067e-02,6.055278749869897892e-01,1.899999999999999996e-03,1.095000000000000000e+02,2.680000000000000090e-03
1.449228699999999953e-02,3.599999999999999728e-02,9.379947521194414994e-01,1.600000000000000077e-03,4.200000000000000000e+01,2.919999999999999853e-03
5.207036799999999882e-02,2.800000000000000058e-02,-9.715921906288021992e-01,1.899999999999999996e-03,1.500000000000000000e+02,2.680000000000000090e-03
1.280843289999999968e-01,8.000000000000000167e-03,9.379947521194414994e-01,3.700000000000000164e-03,1.095000000000000000e+02,1.920000000000000049e-03
1.946166330000000111e-01,4.000000000000000083e-03,-4.638288688518716896e-01,1.899999999999999996e-03,1.365000000000000000e+02,2.680000000000000090e-03
3.025037599999999896e-02,2.400000000000000050e-02,6.055278749869897892e-01,1.299999999999999940e-03,8.250000000000000000e+01,3.239999999999999825e-03
9.700294999999999404e-03,4.000000000000000083e-02,-4.638288688518716896e-01,4.000000000000000083e-03,1.500000000000000000e+01,1.850000000000000082e-03
1.932728800000000149e-02,3.200000000000000067e-02,6.055278749869897892e-01,2.200000000000000133e-03,5.550000000000000000e+01,2.490000000000000026e-03
5.619987099999999847e-02,2.000000000000000042e-02,-1.978135740042682167e-01,2.200000000000000133e-03,1.230000000000000000e+02,2.490000000000000026e-03
4.461909700000000339e-02,1.600000000000000033e-02,-9.990208133146479819e-01,1.000000000000000021e-03,4.200000000000000000e+01,3.700000000000000164e-03
1.414549099999999962e-02,3.200000000000000067e-02,8.037754597109739718e-01,2.500000000000000052e-03,2.850000000000000000e+01,2.340000000000000066e-03
2.736427199999999851e-02,3.200000000000000067e-02,6.055278749869897892e-01,1.000000000000000021e-03,1.365000000000000000e+02,3.700000000000000164e-03
4.450530400000000247e-02,2.400000000000000050e-02,8.037754597109739718e-01,3.399999999999999811e-03,1.095000000000000000e+02,2.010000000000000068e-03
1.750486700000000034e-02,4.000000000000000083e-02,-1.978135740042682167e-01,3.700000000000000164e-03,5.550000000000000000e+01,1.920000000000000049e-03
3.358895299999999778e-02,3.200000000000000067e-02,-4.638288688518716896e-01,2.500000000000000052e-03,1.095000000000000000e+02,2.340000000000000066e-03
3.016721039999999965e-01,0.000000000000000000e+00,9.379947521194414994e-01,4.000000000000000083e-03,6.900000000000000000e+01,1.850000000000000082e-03
2.640115200000000065e-02,3.599999999999999728e-02,-6.928958219201650781e-01,1.899999999999999996e-03,9.600000000000000000e+01,2.680000000000000090e-03
2.689100300000000013e-02,2.000000000000000042e-02,-9.990208133146479819e-01,1.299999999999999940e-03,1.500000000000000000e+01,3.239999999999999825e-03
1.724205399999999971e-02,3.200000000000000067e-02,9.379947521194414994e-01,3.700000000000000164e-03,4.200000000000000000e+01,1.920000000000000049e-03
1.213099120000000058e-01,0.000000000000000000e+00,9.379947521194414994e-01,1.299999999999999940e-03,2.850000000000000000e+01,3.239999999999999825e-03
2.752007500000000148e-02,2.000000000000000042e-02,-6.928958219201650781e-01,1.899999999999999996e-03,2.850000000000000000e+01,2.680000000000000090e-03
2.214487199999999947e-02,2.800000000000000058e-02,6.055278749869897892e-01,1.899999999999999996e-03,5.550000000000000000e+01,2.680000000000000090e-03
3.674752600000000258e-02,2.400000000000000050e-02,-6.928958219201650781e-01,1.600000000000000077e-03,8.250000000000000000e+01,2.919999999999999853e-03
1.025056799999999983e-02,4.000000000000000083e-02,-4.638288688518716896e-01,2.500000000000000052e-03,1.500000000000000000e+01,2.340000000000000066e-03
1.695730980000000054e-01,4.000000000000000083e-03,3.590442868911160601e-01,1.600000000000000077e-03,1.365000000000000000e+02,2.919999999999999853e-03
3.260261500000000146e-02,1.200000000000000025e-02,-4.638288688518716896e-01,1.600000000000000077e-03,1.500000000000000000e+01,2.919999999999999853e-03
2.885178500000000132e-02,1.200000000000000025e-02,8.037754597109739718e-01,4.000000000000000083e-03,1.500000000000000000e+01,1.850000000000000082e-03
9.399714700000000311e-02,1.600000000000000033e-02,-8.667670910519801319e-01,3.399999999999999811e-03,1.230000000000000000e+02,2.010000000000000068e-03
2.955037799999999867e-02,3.200000000000000067e-02,-9.715921906288021992e-01,2.500000000000000052e-03,6.900000000000000000e+01,2.340000000000000066e-03
1.145728399999999952e-01,1.200000000000000025e-02,8.395943674184846994e-02,3.099999999999999891e-03,1.500000000000000000e+02,2.099999999999999870e-03
1.571217779999999897e-01,4.000000000000000083e-03,-1.978135740042682167e-01,2.500000000000000052e-03,8.250000000000000000e+01,2.340000000000000066e-03
1.821745099999999909e-02,3.200000000000000067e-02,8.395943674184846994e-02,1.000000000000000021e-03,4.200000000000000000e+01,3.700000000000000164e-03
3.642394799999999766e-02,2.400000000000000050e-02,6.055278749869897892e-01,1.600000000000000077e-03,1.095000000000000000e+02,2.919999999999999853e-03
5.672453300000000059e-02,8.000000000000000167e-03,-6.928958219201650781e-01,1.299999999999999940e-03,2.850000000000000000e+01,3.239999999999999825e-03
2.295207900000000023e-02,2.800000000000000058e-02,8.395943674184846994e-02,1.600000000000000077e-03,5.550000000000000000e+01,2.919999999999999853e-03
1.245602170000000009e-01,8.000000000000000167e-03,6.055278749869897892e-01,1.899999999999999996e-03,1.500000000000000000e+02,2.680000000000000090e-03
4.129718999999999751e-02,2.000000000000000042e-02,-9.715921906288021992e-01,1.899999999999999996e-03,5.550000000000000000e+01,2.680000000000000090e-03
3.643957099999999699e-02,2.800000000000000058e-02,8.395943674184846994e-02,3.399999999999999811e-03,9.600000000000000000e+01,2.010000000000000068e-03
1.813514299999999940e-02,3.599999999999999728e-02,6.055278749869897892e-01,3.700000000000000164e-03,5.550000000000000000e+01,1.920000000000000049e-03
3.401112800000000158e-02,2.000000000000000042e-02,8.395943674184846994e-02,1.000000000000000021e-03,6.900000000000000000e+01,3.700000000000000164e-03
2.689122299999999882e-02,3.599999999999999728e-02,3.590442868911160601e-01,1.600000000000000077e-03,1.365000000000000000e+02,2.919999999999999853e-03
3.711215699999999978e-02,2.400000000000000050e-02,6.055278749869897892e-01,1.299999999999999940e-03,1.230000000000000000e+02,3.239999999999999825e-03
1.861516200000000107e-02,4.000000000000000083e-02,6.055278749869897892e-01,1.299999999999999940e-03,9.600000000000000000e+01,3.239999999999999825e-03
3.162087550000000080e-01,0.000000000000000000e+00,-8.667670910519801319e-01,4.000000000000000083e-03,5.550000000000000000e+01,1.850000000000000082e-03
8.685886600000000679e-02,1.200000000000000025e-02,3.590442868911160601e-01,2.799999999999999972e-03,1.095000000000000000e+02,2.210000000000000159e-03
2.058845200000000014e-02,4.000000000000000083e-02,8.395943674184846994e-02,1.899999999999999996e-03,9.600000000000000000e+01,2.680000000000000090e-03
9.162779199999999957e-02,8.000000000000000167e-03,6.055278749869897892e-01,2.200000000000000133e-03,8.250000000000000000e+01,2.490000000000000026e-03
2.406486099999999989e-02,2.000000000000000042e-02,3.590442868911160601e-01,2.500000000000000052e-03,2.850000000000000000e+01,2.340000000000000066e-03
3.639818499999999957e-02,2.800000000000000058e-02,-6.928958219201650781e-01,2.200000000000000133e-03,9.600000000000000000e+01,2.490000000000000026e-03
7.889279999999999904e-02,2.000000000000000042e-02,8.395943674184846994e-02,4.000000000000000083e-03,1.500000000000000000e+02,1.850000000000000082e-03
5.488372999999999863e-02,2.400000000000000050e-02,-6.928958219201650781e-01,2.799999999999999972e-03,1.230000000000000000e+02,2.210000000000000159e-03
5.458598299999999764e-02,2.000000000000000042e-02,9.379947521194414994e-01,1.899999999999999996e-03,1.500000000000000000e+02,2.680000000000000090e-03
5.034381100000000220e-02,1.200000000000000025e-02,8.037754597109739718e-01,1.899999999999999996e-03,5.550000000000000000e+01,2.680000000000000090e-03
3.408415599999999740e-02,1.600000000000000033e-02,9.379947521194414994e-01,2.200000000000000133e-03,4.200000000000000000e+01,2.490000000000000026e-03
1.296640069999999978e-01,4.000000000000000083e-03,9.379947521194414994e-01,1.899999999999999996e-03,8.250000000000000000e+01,2.680000000000000090e-03
3.886234530000000076e-01,0.000000000000000000e+00,-8.667670910519801319e-01,2.799999999999999972e-03,1.095000000000000000e+02,2.210000000000000159e-03
4.538025100000000339e-02,2.400000000000000050e-02,-6.928958219201650781e-01,1.000000000000000021e-03,1.500000000000000000e+02,3.700000000000000164e-03
3.788109299999999763e-02,1.600000000000000033e-02,-9.715921906288021992e-01,2.200000000000000133e-03,2.850000000000000000e+01,2.490000000000000026e-03
7.559473299999999729e-02,1.600000000000000033e-02,-9.990208133146479819e-01,1.299999999999999940e-03,1.230000000000000000e+02,3.239999999999999825e-03
1.209991029999999967e-01,8.000000000000000167e-03,-1.978135740042682167e-01,4.000000000000000083e-03,8.250000000000000000e+01,1.850000000000000082e-03
2.472942100000000143e-02,2.400000000000000050e-02,-1.978135740042682167e-01,1.600000000000000077e-03,4.200000000000000000e+01,2.919999999999999853e-03
2.309272100000000008e-02,4.000000000000000083e-02,6.055278749869897892e-01,2.799999999999999972e-03,1.095000000000000000e+02,2.210000000000000159e-03
1.478319300000000003e-02,3.200000000000000067e-02,6.055278749869897892e-01,1.600000000000000077e-03,2.850000000000000000e+01,2.919999999999999853e-03
1.089666299999999914e-02,3.200000000000000067e-02,9.379947521194414994e-01,3.099999999999999891e-03,1.500000000000000000e+01,2.099999999999999870e-03
1.886449299999999954e-02,3.599999999999999728e-02,9.379947521194414994e-01,2.799999999999999972e-03,6.900000000000000000e+01,2.210000000000000159e-03
4.526608000000000021e-02,2.000000000000000042e-02,3.590442868911160601e-01,1.000000000000000021e-03,1.365000000000000000e+02,3.700000000000000164e-03
2.580433299999999874e-02,4.000000000000000083e-02,-4.638288688518716896e-01,1.899999999999999996e-03,1.230000000000000000e+02,2.680000000000000090e-03
1.468849359999999937e-01,4.000000000000000083e-03,-9.990208133146479819e-01,3.399999999999999811e-03,4.200000000000000000e+01,2.010000000000000068e-03
2.959855499999999862e-02,2.800000000000000058e-02,-8.667670910519801319e-01,3.099999999999999891e-03,5.550000000000000000e+01,2.099999999999999870e-03
2.644710999999999937e-02,3.599999999999999728e-02,-9.715921906288021992e-01,2.799999999999999972e-03,6.900000000000000000e+01,2.210000000000000159e-03
8.543703299999999556e-02,8.000000000000000167e-03,9.379947521194414994e-01,1.899999999999999996e-03,8.250000000000000000e+01,2.680000000000000090e-03
3.292360389999999803e-01,0.000000000000000000e+00,-9.990208133146479819e-01,1.299999999999999940e-03,1.365000000000000000e+02,3.239999999999999825e-03
6.197445699999999669e-02,2.000000000000000042e-02,-8.667670910519801319e-01,1.600000000000000077e-03,1.365000000000000000e+02,2.919999999999999853e-03
2.034911389999999876e-01,4.000000000000000083e-03,6.055278749869897892e-01,3.700000000000000164e-03,1.095000000000000000e+02,1.920000000000000049e-03
1.243678319999999976e-01,4.000000000000000083e-03,6.055278749869897892e-01,1.600000000000000077e-03,8.250000000000000000e+01,2.919999999999999853e-03
1.762227599999999922e-02,3.599999999999999728e-02,9.379947521194414994e-01,1.299999999999999940e-03,6.900000000000000000e+01,3.239999999999999825e-03
6.035076300000000171e-02,2.000000000000000042e-02,9.379947521194414994e-01,3.700000000000000164e-03,1.230000000000000000e+02,1.920000000000000049e-03
2.178037199999999923e-02,2.800000000000000058e-02,8.037754597109739718e-01,1.899999999999999996e-03,5.550000000000000000e+01,2.680000000000000090e-03
3.972096700000000286e-02,2.800000000000000058e-02,9.379947521194414994e-01,2.200000000000000133e-03,1.500000000000000000e+02,2.490000000000000026e-03
2.047339899999999976e-02,3.599999999999999728e-02,8.037754597109739718e-01,2.200000000000000133e-03,8.250000000000000000e+01,2.490000000000000026e-03
2.081351640000000114e-01,4.000000000000000083e-03,-6.928958219201650781e-01,2.799999999999999972e-03,1.095000000000000000e+02,2.210000000000000159e-03
2.727670019999999806e-01,4.000000000000000083e-03,-9.990208133146479819e-01,2.799999999999999972e-03,1.365000000000000000e+02,2.210000000000000159e-03
5.282646900000000090e-02,8.000000000000000167e-03,3.590442868911160601e-01,2.200000000000000133e-03,2.850000000000000000e+01,2.490000000000000026e-03
2.294366230000000062e-01,0.000000000000000000e+00,8.037754597109739718e-01,2.200000000000000133e-03,6.900000000000000000e+01,2.490000000000000026e-03
1.567876510000000001e-01,8.000000000000000167e-03,6.055278749869897892e-01,3.399999999999999811e-03,1.500000000000000000e+02,2.010000000000000068e-03
5.355399899999999797e-02,1.200000000000000025e-02,-4.638288688518716896e-01,2.799999999999999972e-03,4.200000000000000000e+01,2.210000000000000159e-03
2.470698799999999917e-02,3.599999999999999728e-02,6.055278749869897892e-01,1.600000000000000077e-03,1.230000000000000000e+02,2.919999999999999853e-03
1.554045700000000058e-02,3.200000000000000067e-02,-9.715921906288021992e-01,1.899999999999999996e-03,1.500000000000000000e+01,2.680000000000000090e-03
2.676672100000000026e-02,3.200000000000000067e-02,8.395943674184846994e-02,1.899999999999999996e-03,9.600000000000000000e+01,2.680000000000000090e-03
3.562015100000000267e-02,2.400000000000000050e-02,3.590442868911160601e-01,1.299999999999999940e-03,1.095000000000000000e+02,3.239999999999999825e-03
2.930955699999999997e-02,3.200000000000000067e-02,3.590442868911160601e-01,3.099999999999999891e-03,9.600000000000000000e+01,2.099999999999999870e-03
1.028599760000000057e-01,4.000000000000000083e-03,-4.638288688518716896e-01,1.899999999999999996e-03,4.200000000000000000e+01,2.680000000000000090e-03
2.292566099999999996e-02,3.200000000000000067e-02,8.395943674184846994e-02,1.000000000000000021e-03,8.250000000000000000e+01,3.700000000000000164e-03
1.638841309999999885e-01,8.000000000000000167e-03,8.395943674184846994e-02,3.399999999999999811e-03,1.500000000000000000e+02,2.010000000000000068e-03
4.960133900000000123e-02,1.600000000000000033e-02,9.379947521194414994e-01,1.600000000000000077e-03,9.600000000000000000e+01,2.919999999999999853e-03
6.152370900000000281e-02,8.000000000000000167e-03,-9.715921906288021992e-01,1.000000000000000021e-03,2.850000000000000000e+01,3.700000000000000164e-03
1.150585070000000043e-01,1.600000000000000033e-02,-9.715921906288021992e-01,3.399999999999999811e-03,1.500000000000000000e+02,2.010000000000000068e-03
2.714408299999999941e-02,2.400000000000000050e-02,6.055278749869897892e-01,2.500000000000000052e-03,5.550000000000000000e+01,2.340000000000000066e-03
4.036774800000000191e-02,2.800000000000000058e-02,9.379947521194414994e-01,2.799999999999999972e-03,1.365000000000000000e+02,2.210000000000000159e-03
4.008800400000000347e-02,2.400000000000000050e-02,8.037754597109739718e-01,1.899999999999999996e-03,1.230000000000000000e+02,2.680000000000000090e-03
2.718388469999999946e-01,0.000000000000000000e+00,-4.638288688518716896e-01,1.299999999999999940e-03,1.230000000000000000e+02,3.239999999999999825e-03
2.520151400000000125e-02,4.000000000000000083e-02,-4.638288688518716896e-01,1.000000000000000021e-03,1.500000000000000000e+02,3.700000000000000164e-03
8.702482699999999904e-02,1.600000000000000033e-02,6.055278749869897892e-01,4.000000000000000083e-03,1.365000000000000000e+02,1.850000000000000082e-03
1.365759119999999938e-01,8.000000000000000167e-03,8.037754597109739718e-01,2.500000000000000052e-03,1.500000000000000000e+02,2.340000000000000066e-03
2.015833900000000012e-01,4.000000000000000083e-03,-6.928958219201650781e-01,1.899999999999999996e-03,1.365000000000000000e+02,2.680000000000000090e-03
1.519720299999999941e-02,3.599999999999999728e-02,-1.978135740042682167e-01,1.000000000000000021e-03,2.850000000000000000e+01,3.700000000000000164e-03
4.039144479999999815e-01,0.000000000000000000e+00,-4.638288688518716896e-01,3.399999999999999811e-03,1.095000000000000000e+02,2.010000000000000068e-03
3.377106900000000078e-02,3.200000000000000067e-02,-8.667670910519801319e-01,1.299999999999999940e-03,1.230000000000000000e+02,3.239999999999999825e-03
5.572429400000000060e-02,1.600000000000000033e-02,-1.978135740042682167e-01,1.000000000000000021e-03,1.230000000000000000e+02,3.700000000000000164e-03
1.515736300000000009e-02,4.000000000000000083e-02,-4.638288688518716896e-01,1.299999999999999940e-03,4.200000000000000000e+01,3.239999999999999825e-03
1.437350299999999928e-02,2.800000000000000058e-02,-4.638288688518716896e-01,3.700000000000000164e-03,1.500000000000000000e+01,1.920000000000000049e-03
1.635460899999999912e-02,4.000000000000000083e-02,-6.928958219201650781e-01,3.700000000000000164e-03,4.200000000000000000e+01,1.920000000000000049e-03
5.043262800000000018e-02,1.200000000000000025e-02,6.055278749869897892e-01,1.000000000000000021e-03,6.900000000000000000e+01,3.700000000000000164e-03
3.012289400000000075e-02,2.400000000000000050e-02,-1.978135740042682167e-01,2.799999999999999972e-03,5.550000000000000000e+01,2.210000000000000159e-03
2.296783300000000000e-02,2.000000000000000042e-02,9.379947521194414994e-01,1.600000000000000077e-03,2.850000000000000000e+01,2.919999999999999853e-03
7.050312499999999982e-02,1.200000000000000025e-02,-8.667670910519801319e-01,1.000000000000000021e-03,9.600000000000000000e+01,3.700000000000000164e-03
2.762522300000000083e-02,3.599999999999999728e-02,6.055278749869897892e-01,2.500000000000000052e-03,1.230000000000000000e+02,2.340000000000000066e-03
7.132595399999999697e-02,2.400000000000000050e-02,-9.990208133146479819e-01,3.399999999999999811e-03,1.230000000000000000e+02,2.010000000000000068e-03
2.709613799999999878e-02,2.800000000000000058e-02,-9.990208133146479819e-01,1.600000000000000077e-03,4.200000000000000000e+01,2.919999999999999853e-03
3.701452100000000162e-02,3.200000000000000067e-02,8.395943674184846994e-02,2.200000000000000133e-03,1.500000000000000000e+02,2.490000000000000026e-03
6.774783700000000519e-02,1.600000000000000033e-02,-6.928958219201650781e-01,3.399999999999999811e-03,8.250000000000000000e+01,2.010000000000000068e-03
1.297182289999999905e-01,8.000000000000000167e-03,8.395943674184846994e-02,4.000000000000000083e-03,9.600000000000000000e+01,1.850000000000000082e-03
8.048077500000000439e-02,1.600000000000000033e-02,-9.990208133146479819e-01,3.399999999999999811e-03,8.250000000000000000e+01,2.010000000000000068e-03
2.770120300000000063e-02,3.599999999999999728e-02,-8.667670910519801319e-01,2.799999999999999972e-03,8.250000000000000000e+01,2.210000000000000159e-03
3.816876129999999812e-01,0.000000000000000000e+00,-8.667670910519801319e-01,3.099999999999999891e-03,9.600000000000000000e+01,2.099999999999999870e-03
2.101692370000000087e-01,4.000000000000000083e-03,-8.667670910519801319e-01,2.200000000000000133e-03,1.230000000000000000e+02,2.490000000000000026e-03
9.040640499999999524e-02,1.200000000000000025e-02,8.037754597109739718e-01,2.799999999999999972e-03,1.230000000000000000e+02,2.210000000000000159e-03
2.653227999999999837e-02,3.200000000000000067e-02,8.037754597109739718e-01,2.500000000000000052e-03,9.600000000000000000e+01,2.340000000000000066e-03
3.488799779999999795e-01,0.000000000000000000e+00,3.590442868911160601e-01,2.500000000000000052e-03,1.230000000000000000e+02,2.340000000000000066e-03
1.595232900000000120e-01,4.000000000000000083e-03,-4.638288688518716896e-01,1.299999999999999940e-03,1.230000000000000000e+02,3.239999999999999825e-03
3.821537199999999745e-02,3.200000000000000067e-02,-4.638288688518716896e-01,3.700000000000000164e-03,1.095000000000000000e+02,1.920000000000000049e-03
4.686750499999999681e-02,1.200000000000000025e-02,-8.667670910519801319e-01,2.500000000000000052e-03,2.850000000000000000e+01,2.340000000000000066e-03
2.660046389999999872e-01,0.000000000000000000e+00,-9.715921906288021992e-01,2.500000000000000052e-03,5.550000000000000000e+01,2.340000000000000066e-03
3.094935999999999868e-02,3.200000000000000067e-02,8.037754597109739718e-01,1.899999999999999996e-03,1.365000000000000000e+02,2.680000000000000090e-03
1.373895240000000129e-01,8.000000000000000167e-03,8.395943674184846994e-02,3.700000000000000164e-03,1.095000000000000000e+02,1.920000000000000049e-03
1.166684870000000013e-01,1.200000000000000025e-02,-9.990208133146479819e-01,1.899999999999999996e-03,1.365000000000000000e+02,2.680000000000000090e-03
1.963079599999999897e-02,2.800000000000000058e-02,6.055278749869897892e-01,2.200000000000000133e-03,4.200000000000000000e+01,2.490000000000000026e-03
1.205437730000000068e-01,4.000000000000000083e-03,8.395943674184846994e-02,1.000000000000000021e-03,9.600000000000000000e+01,3.700000000000000164e-03
3.911862900000000198e-02,2.800000000000000058e-02,-6.928958219201650781e-01,4.000000000000000083e-03,8.250000000000000000e+01,1.850000000000000082e-03
1.768815500000000054e-02,4.000000000000000083e-02,3.590442868911160601e-01,2.799999999999999972e-03,6.900000000000000000e+01,2.210000000000000159e-03
4.016654199999999952e-02,2.400000000000000050e-02,3.590442868911160601e-01,1.299999999999999940e-03,1.365000000000000000e+02,3.239999999999999825e-03
1.617795500000000081e-02,2.800000000000000058e-02,9.379947521194414994e-01,2.799999999999999972e-03,2.850000000000000000e+01,2.210000000000000159e-03
3.266333899999999957e-02,2.000000000000000042e-02,-9.990208133146479819e-01,2.200000000000000133e-03,2.850000000000000000e+01,2.490000000000000026e-03
4.189981499999999998e-02,2.800000000000000058e-02,3.590442868911160601e-01,2.200000000000000133e-03,1.500000000000000000e+02,2.490000000000000026e-03
4.976638099999999842e-02,2.400000000000000050e-02,-4.638288688518716896e-01,4.000000000000000083e-03,9.600000000000000000e+01,1.850000000000000082e-03
3.919889000000000012e-02,3.200000000000000067e-02,3.590442868911160601e-01,3.399999999999999811e-03,1.365000000000000000e+02,2.010000000000000068e-03
3.559071800000000035e-02,3.599999999999999728e-02,-1.978135740042682167e-01,4.000000000000000083e-03,1.230000000000000000e+02,1.850000000000000082e-03
7.885363700000000420e-02,1.200000000000000025e-02,8.395943674184846994e-02,1.299999999999999940e-03,1.365000000000000000e+02,3.239999999999999825e-03
1.501653600000000047e-02,3.599999999999999728e-02,-6.928958219201650781e-01,3.399999999999999811e-03,2.850000000000000000e+01,2.010000000000000068e-03
4.358955400000000258e-02,3.200000000000000067e-02,8.395943674184846994e-02,3.399999999999999811e-03,1.500000000000000000e+02,2.010000000000000068e-03
2.232299500000000173e-02,1.600000000000000033e-02,6.055278749869897892e-01,3.700000000000000164e-03,1.500000000000000000e+01,1.920000000000000049e-03
7.607453000000000132e-02,1.600000000000000033e-02,-6.928958219201650781e-01,2.200000000000000133e-03,1.230000000000000000e+02,2.490000000000000026e-03
1.426207799999999921e-02,4.000000000000000083e-02,-1.978135740042682167e-01,2.500000000000000052e-03,4.200000000000000000e+01,2.340000000000000066e-03
1.295451700000000046e-02,4.000000000000000083e-02,9.379947521194414994e-01,3.099999999999999891e-03,4.200000000000000000e+01,2.099999999999999870e-03
2.760036100000000034e-02,2.400000000000000050e-02,-9.990208133146479819e-01,3.099999999999999891e-03,2.850000000000000000e+01,2.099999999999999870e-03
3.967510600000000165e-02,2.000000000000000042e-02,8.037754597109739718e-01,2.200000000000000133e-03,8.250000000000000000e+01,2.490000000000000026e-03
8.457453099999999446e-02,1.200000000000000025e-02,-8.667670910519801319e-01,1.899999999999999996e-03,9.600000000000000000e+01,2.680000000000000090e-03
1.689029800000000150e-02,2.400000000000000050e-02,-4.638288688518716896e-01,4.000000000000000083e-03,1.500000000000000000e+01,1.850000000000000082e-03
3.414764399999999783e-02,1.600000000000000033e-02,-6.928958219201650781e-01,2.200000000000000133e-03,2.850000000000000000e+01,2.490000000000000026e-03
4.916773599999999661e-02,2.800000000000000058e-02,-9.715921906288021992e-01,1.600000000000000077e-03,1.500000000000000000e+02,2.919999999999999853e-03
1.493887710000000035e-01,4.000000000000000083e-03,9.379947521194414994e-01,2.200000000000000133e-03,9.600000000000000000e+01,2.490000000000000026e-03
3.881296199999999946e-02,3.599999999999999728e-02,-8.667670910519801319e-01,2.200000000000000133e-03,1.500000000000000000e+02,2.490000000000000026e-03
1.775966899999999876e-02,2.400000000000000050e-02,-6.928958219201650781e-01,2.799999999999999972e-03,1.500000000000000000e+01,2.210000000000000159e-03
2.306148300000000068e-02,3.599999999999999728e-02,-4.638288688518716896e-01,1.000000000000000021e-03,9.600000000000000000e+01,3.700000000000000164e-03
2.840765199999999852e-02,2.400000000000000050e-02,9.379947521194414994e-01,1.899999999999999996e-03,6.900000000000000000e+01,2.680000000000000090e-03
2.907385419999999887e-01,0.000000000000000000e+00,-6.928958219201650781e-01,1.600000000000000077e-03,1.095000000000000000e+02,2.919999999999999853e-03
6.917462800000000189e-02,4.000000000000000083e-03,6.055278749869897892e-01,1.000000000000000021e-03,2.850000000000000000e+01,3.700000000000000164e-03
2.596723000000000087e-02,3.599999999999999728e-02,-4.638288688518716896e-01,2.200000000000000133e-03,9.600000000000000000e+01,2.490000000000000026e-03
2.567501599999999842e-02,3.599999999999999728e-02,6.055278749869897892e-01,1.899999999999999996e-03,1.230000000000000000e+02,2.680000000000000090e-03
3.094106199999999834e-02,3.599999999999999728e-02,9.379947521194414994e-01,3.099999999999999891e-03,1.365000000000000000e+02,2.099999999999999870e-03
5.902368000000000198e-02,1.200000000000000025e-02,-4.638288688518716896e-01,1.299999999999999940e-03,6.900000000000000000e+01,3.239999999999999825e-03
6.684918099999999364e-02,4.000000000000000083e-03,-4.638288688518716896e-01,2.799999999999999972e-03,1.500000000000000000e+01,2.210000000000000159e-03
1.203224459999999996e-01,4.000000000000000083e-03,-6.928958219201650781e-01,1.299999999999999940e-03,6.900000000000000000e+01,3.239999999999999825e-03
2.753134800000000063e-02,2.800000000000000058e-02,-8.667670910519801319e-01,1.899999999999999996e-03,5.550000000000000000e+01,2.680000000000000090e-03
3.126292399999999749e-02,3.599999999999999728e-02,-4.638288688518716896e-01,1.899999999999999996e-03,1.365000000000000000e+02,2.680000000000000090e-03
3.353985699999999931e-02,4.000000000000000083e-02,-9.715921906288021992e-01,3.399999999999999811e-03,1.095000000000000000e+02,2.010000000000000068e-03
4.409004999999999869e-02,2.800000000000000058e-02,-4.638288688518716896e-01,2.799999999999999972e-03,1.230000000000000000e+02,2.210000000000000159e-03
2.837682899999999925e-02,2.400000000000000050e-02,-1.978135740042682167e-01,1.899999999999999996e-03,5.550000000000000000e+01,2.680000000000000090e-03
1.680140000000000106e-02,3.599999999999999728e-02,-4.638288688518716896e-01,2.200000000000000133e-03,4.200000000000000000e+01,2.490000000000000026e-03
4.200709100000000196e-01,0.000000000000000000e+00,-9.990208133146479819e-01,1.899999999999999996e-03,1.500000000000000000e+02,2.680000000000000090e-03
1.655603619999999887e-01,8.000000000000000167e-03,3.590442868911160601e-01,3.700000000000000164e-03,1.500000000000000000e+02,1.920000000000000049e-03
1.303433000000000022e-02,4.000000000000000083e-02,8.037754597109739718e-01,1.600000000000000077e-03,4.200000000000000000e+01,2.919999999999999853e-03
3.215946900000000302e-02,3.200000000000000067e-02,-9.990208133146479819e-01,1.000000000000000021e-03,9.600000000000000000e+01,3.700000000000000164e-03
2.706578579999999734e-01,0.000000000000000000e+00,-6.928958219201650781e-01,1.600000000000000077e-03,9.600000000000000000e+01,2.919999999999999853e-03
1.617241289999999942e-01,4.000000000000000083e-03,9.379947521194414994e-01,1.899999999999999996e-03,1.230000000000000000e+02,2.680000000000000090e-03
4.262660100000000007e-02,1.200000000000000025e-02,-6.928958219201650781e-01,1.000000000000000021e-03,2.850000000000000000e+01,3.700000000000000164e-03
3.384652300000000336e-02,2.800000000000000058e-02,-9.990208133146479819e-01,1.600000000000000077e-03,6.900000000000000000e+01,2.919999999999999853e-03
2.876686999999999994e-02,4.000000000000000083e-02,-4.638288688518716896e-01,2.200000000000000133e-03,1.365000000000000000e+02,2.490000000000000026e-03
1.481238199999999894e-01,0.000000000000000000e+00,9.379947521194414994e-01,1.000000000000000021e-03,5.550000000000000000e+01,3.700000000000000164e-03
5.211161699999999897e-02,2.400000000000000050e-02,8.037754597109739718e-01,2.799999999999999972e-03,1.500000000000000000e+02,2.210000000000000159e-03
4.456355539999999893e-01,0.000000000000000000e+00,-8.667670910519801319e-01,2.500000000000000052e-03,1.500000000000000000e+02,2.340000000000000066e-03
5.160591600000000168e-02,1.200000000000000025e-02,-1.978135740042682167e-01,2.799999999999999972e-03,4.200000000000000000e+01,2.210000000000000159e-03
8.291877599999999959e-02,1.600000000000000033e-02,-9.990208133146479819e-01,3.700000000000000164e-03,8.250000000000000000e+01,1.920000000000000049e-03
1.664320700000000014e-02,2.800000000000000058e-02,6.055278749869897892e-01,2.200000000000000133e-03,2.850000000000000000e+01,2.490000000000000026e-03
1.228752159999999954e-01,8.000000000000000167e-03,6.055278749869897892e-01,3.099999999999999891e-03,1.095000000000000000e+02,2.099999999999999870e-03
1.234829989999999961e-01,8.000000000000000167e-03,-9.990208133146479819e-01,2.200000000000000133e-03,8.250000000000000000e+01,2.490000000000000026e-03
1.101090740000000012e-01,8.000000000000000167e-03,6.055278749869897892e-01,1.600000000000000077e-03,1.365000000000000000e+02,2.919999999999999853e-03
1.955078010000000088e-01,0.000000000000000000e+00,-4.638288688518716896e-01,1.600000000000000077e-03,5.550000000000000000e+01,2.919999999999999853e-03
3.527027900000000160e-02,2.400000000000000050e-02,3.590442868911160601e-01,4.000000000000000083e-03,6.900000000000000000e+01,1.850000000000000082e-03
6.049510300000000146e-02,2.400000000000000050e-02,-1.978135740042682167e-01,3.700000000000000164e-03,1.365000000000000000e+02,1.920000000000000049e-03
1.497990539999999871e-01,1.200000000000000025e-02,-8.667670910519801319e-01,4.000000000000000083e-03,1.500000000000000000e+02,1.850000000000000082e-03
4.837895400000000179e-02,2.800000000000000058e-02,-1.978135740042682167e-01,4.000000000000000083e-03,1.230000000000000000e+02,1.850000000000000082e-03
2.715969299999999864e-02,3.200000000000000067e-02,-8.667670910519801319e-01,2.200000000000000133e-03,6.900000000000000000e+01,2.490000000000000026e-03
5.458889100000000050e-02,1.200000000000000025e-02,-6.928958219201650781e-01,2.500000000000000052e-03,4.200000000000000000e+01,2.340000000000000066e-03
4.254403300000000193e-02,3.599999999999999728e-02,-9.990208133146479819e-01,3.700000000000000164e-03,1.095000000000000000e+02,1.920000000000000049e-03
5.211387900000000184e-02,2.800000000000000058e-02,-9.715921906288021992e-01,2.799999999999999972e-03,1.230000000000000000e+02,2.210000000000000159e-03
4.714448599999999934e-02,2.000000000000000042e-02,6.055278749869897892e-01,1.600000000000000077e-03,1.230000000000000000e+02,2.919999999999999853e-03
4.888824299999999790e-02,2.800000000000000058e-02,-6.928958219201650781e-01,2.200000000000000133e-03,1.500000000000000000e+02,2.490000000000000026e-03
4.872530700000000242e-02,1.200000000000000025e-02,6.055278749869897892e-01,3.099999999999999891e-03,4.200000000000000000e+01,2.099999999999999870e-03
1.590349599999999960e-02,4.000000000000000083e-02,8.395943674184846994e-02,2.500000000000000052e-03,5.550000000000000000e+01,2.340000000000000066e-03
1.171969999999999956e-02,3.200000000000000067e-02,6.055278749869897892e-01,2.200000000000000133e-03,1.500000000000000000e+01,2.490000000000000026e-03
1.970779099999999881e-02,3.200000000000000067e-02,6.055278749869897892e-01,2.799999999999999972e-03,5.550000000000000000e+01,2.210000000000000159e-03
1.094503530000000002e-01,4.000000000000000083e-03,9.379947521194414994e-01,2.200000000000000133e-03,5.550000000000000000e+01,2.490000000000000026e-03
4.424997700000000284e-02,3.200000000000000067e-02,-9.990208133146479819e-01,2.799999999999999972e-03,1.095000000000000000e+02,2.210000000000000159e-03
1.188499449999999985e-01,8.000000000000000167e-03,3.590442868911160601e-01,2.200000000000000133e-03,1.230000000000000000e+02,2.490000000000000026e-03
