date,meantemp,humidity,wind_speed,meanpressure
2017-01-01,-1.2673731920395614,1.497311225328595,-0.9213117338552628,-5.430144343178116
2017-01-02,-0.9151674055203405,0.9880446846744156,-0.8878434561091244,0.04385118137440237
2017-01-03,-1.1042601480493341,1.2628779127592966,-0.6390536666554288,0.044168202022143804
2017-01-04,-0.8879380505961655,0.565652187701103,-0.5219254043928226,0.029141423319196644
2017-01-05,-0.9302948249226599,0.853899894775842,-0.7979342747718976,0.02134271538475565
2017-01-06,-0.8037745899214427,1.1114816864657848,0.3951818352274627,0.006730945529760624
2017-01-07,-1.4313905926244928,2.084105772870073,0.6966519108818614,0.004461365892520442
2017-01-08,-1.298528060373858,1.3593106243680273,-1.097221001688967,0.02828546757029407
2017-01-09,-1.450029734388065,1.19931104367844,-0.07901271910867326,0.03058160283322213
2017-01-10,-1.784994021153711,0.6772213910069895,0.5457769148022685,0.03592566518086403
2017-01-11,-1.9362682151769057,0.6870368634385927,0.6369177287605535,0.03529162388538182
2017-01-12,-1.828783919423583,0.8323747359346078,-0.06051044860586351,0.03295568227044404
2017-01-13,-1.6319401307302432,0.38949332659039465,-0.10285878262898725,0.03958072676659058
2017-01-14,-1.63674531101098,0.8147688780151853,-0.35986718411402446,0.04705943032954627
2017-01-15,-1.1963400922373657,0.7137804694841191,-0.7246789084411497,0.04301038748256621
2017-01-16,-1.4393324878107105,1.0603519982538903,0.7716583375042881,0.03741566222524946
2017-01-17,-1.8379399890618293,1.413381823377208,0.2526483509904894,0.04448522266988458
2017-01-18,-1.6583018836592853,1.0534811675517677,-0.19289474967720568,0.06485379928727682
2017-01-19,-1.4435465546442137,0.8655849810039405,0.7623683085911661,0.06971100849731694
2017-01-20,-1.3558530181089632,0.3550328134713922,0.9592813616300765,0.06389022337111425
2017-01-21,-1.3384062918417572,0.6139187064843328,1.5067181054493994,0.05640795572625045
2017-01-22,-0.9233362119975927,0.9301988338108351,-0.2286244120140949,0.05961344798010937
2017-01-23,-0.9672235252283222,0.9160645535093273,-0.03243837629555923,0.05267181469097474
2017-01-24,-0.9358853929626474,0.4526035508692944,-0.7776926603910332,0.04722814044816998
2017-01-25,-0.5748004689681521,0.5603518325880372,0.41162748971664276,0.044548626799433264
2017-01-26,-1.231222418033087,1.837316751732629,0.3477479840878889,0.04104328420869256
2017-01-27,-1.1874609547620911,0.9774112562068457,1.6536304574438487,0.042979374593112955
2017-01-28,-1.4102465859598872,1.3149296605026453,0.618891105852343,0.051603777214626036
2017-01-29,-1.3009166002794874,1.2563342644715612,0.7526911951399963,0.038778851010537546
2017-01-30,-1.1950246644632512,1.0076756295376212,-0.5713138724972444,0.029902272873776208
2017-01-31,-1.2385159952449194,0.9160645535093273,-0.504189894649589,0.02800014898732698
2017-02-01,-1.3576444230381854,1.0706582443070731,-0.39888530554913854,0.039412892306021054
2017-02-02,-1.1070105879406649,0.35925957193476205,-0.8583962398056492,0.04745368873510015
2017-02-03,-1.3050422601164835,1.0445580107957657,-1.11838268945078,0.04070979495587277
2017-02-04,-0.8879380505961655,1.0102930888527148,0.6475097693016519,0.021723140162045105
2017-02-05,-0.89725335622812,1.012152862576598,0.266196309822126,0.0206419329002749
2017-02-06,-1.134514986853973,0.5430766011084168,0.47557385540196917,0.030853334817000498
2017-02-07,-1.3746627698657947,0.1946273297865131,0.16366289411905668,0.031566631274418874
2017-02-08,-1.2963783744587916,0.4684790106282347,-0.6250130547753687,0.02857078615326181
2017-02-09,-1.340626076210576,0.4670066897634939,0.216315188669282,0.032993224189255634
2017-02-10,-1.4370633749003627,0.6674059185753863,0.48050038588620075,0.02895121093055127
2017-02-11,-1.3065893825553572,0.20935053843391746,-0.6538332581081235,0.0344198171040924
2017-02-12,-1.2214976484173101,0.5847923589427289,-1.1692715100208542,0.05153893208213351
2017-02-13,-1.2101520838655706,0.3860290422027699,-0.11560980270582191,0.06255539959115129
2017-02-14,-1.1364059142792629,0.2976897903183437,0.014019530660521876,0.06152508248599083
2017-02-15,-1.0415894105254389,0.4280953526239249,-0.29753953558780305,0.05693960525972973
2017-02-16,-0.6769105499338086,-0.2176225123408093,0.7844057351322372,0.04012618876343944
2017-02-17,-0.5339564365818893,0.23290767226976478,0.5277950785348235,0.03370652064667402
2017-02-18,-0.5577821221405426,0.6068771719138355,-0.14393735299015367,0.03227992773183726
2017-02-19,-0.38914577630332203,0.33249010166675413,-0.1872684279310086,0.01373421983895938
2017-02-20,-0.25145187924357304,-0.018859195600850278,0.008477183865761058,-0.02977686406356179
2017-02-21,-0.46134482345075656,0.5283533924610124,1.2065478159998324,-0.018126355259061804
2017-02-22,-0.8300756713822933,-0.19553769936970272,0.11378177296621149,0.009454441094449102
2017-02-23,-0.898149058692731,-1.0347605922717518,1.651783008512262,0.026573556072490217
2017-02-24,-0.8300756713822933,-1.1819926787457955,2.1644500870276127,0.031566631274418874
2017-02-25,-0.8470940182099028,-0.5899093595680339,1.1149671332483124,0.02107098340097793
2017-02-26,-0.8811307118651216,-0.08511363451416995,0.934049098590772,0.010167737551867482
2017-02-27,-0.7279655904166368,-0.12192165613268087,-0.39888530554913854,0.02086718441314318
2017-02-28,-0.2571246615194435,-0.5169944215046987,-0.6624546864555287,0.01436826113444289
2017-03-01,-0.10352317220358369,-0.7374650330453176,-0.10727259727096827,0.013295268172855014
2017-03-02,-0.2003968387607448,-0.364854598814853,-0.21487939196308847,0.008883803928514268
2017-03-03,-0.6428738562785897,-1.0568454052428584,0.11378177296621149,0.00018158714801016322
2017-03-04,-0.8300756713822933,-1.0200373836243475,0.3216197777697322,-0.0033848951390817363
2017-03-05,-0.7449839372442463,-1.1304614484798803,0.679101146031787,-0.0005317093094082166
2017-03-06,-0.7109472435890274,-1.060117229386726,0.6135167089604533,-0.0014827712526325068
2017-03-07,-0.3535619602092296,-1.1157382398324758,-0.19381847414299846,-0.018364120744867714
2017-03-08,-0.5005385919022198,-0.45453232421267964,0.7458612324232208,-0.009610027858370241
2017-03-09,-0.6039747778154826,0.5080213424241202,0.32003625011408615,-0.01846602023878509
2017-03-10,-0.7194564170028321,0.43019866814498303,1.0116419537174195,-0.021217306574541232
2017-03-11,-0.9106291796996449,-0.002663666088705556,-0.2954281653802752,-0.004526169470951404
2017-03-12,-1.0683325269688253,-0.22498411666451146,0.1636628941190563,0.0237203702428167
2017-03-13,-1.0588778898423759,-0.6544110355471388,0.47803712064408455,0.02451292186216995
2017-03-14,-0.9832407928307781,-0.24216119341981643,-0.5269750981391601,0.03402354129441609
2017-03-15,-0.7279655904166368,-0.33540818152004426,0.061129478415986566,0.0201538879557248
2017-03-16,-0.16636014510552594,-0.6622634134924211,-0.29690612452554455,0.0028921136862001366
2017-03-17,-0.5884151464302397,-0.04388865030143754,1.0177385351916557,0.0006095650224614506
2017-03-18,-0.07210468575261209,-0.8325996119977765,0.04961845045763789,-0.0042627984712891726
2017-03-19,-0.07559562869160888,-0.48100435592215407,0.5014381404441851,0.007393806884128833
2017-03-20,-0.2571246615194435,-0.34031591773584624,0.7046575229187383,0.01119805465702794
2017-03-21,-0.030213370484650583,-0.6740419804103448,0.5239154357784915,0.006601255264775582
2017-03-22,0.27611687241231897,-0.9096133187688147,0.7289822671846322,-0.004811488053918496
2017-03-23,0.3782269533779755,-0.6298723544681316,-0.7563666738111936,-0.009804563255847155
2017-03-24,0.5030281634471114,-1.3414941057593435,0.6948044619502759,-5.617833779574717e-05
2017-03-25,0.17400679144666245,-1.240885513335413,0.7816345617348571,-0.004098191596500116
2017-03-26,0.5279884054609386,-1.3748667120267928,2.3700711531132286,-0.002243620807212069
2017-03-27,0.5824471153092886,-1.2850551392776262,1.496597298258967,-0.006238080968755256
2017-03-28,0.6353930832174068,-1.164815601990491,0.43123508104388497,-0.009091266798428775
2017-03-29,0.7866672772406016,-1.5279880819597982,1.396835055953277,-0.019790713659704473
2017-03-30,0.553272806461958,-1.389169257569986,0.8172639339868886,-0.019688814165787098
2017-03-31,0.7356122367577733,-1.3439479738672435,0.011248357263141369,-0.017650824287449334
2017-04-01,0.8377223177234299,-1.4911800603412873,0.47403431462564677,-0.03191675343581693
2017-04-02,0.6164838089645074,-1.5721577079020113,0.5239154357784915,-0.03619653218032721
2017-04-03,0.7185938899301639,-1.8077290462604811,0.008477183865761254,-0.03619653218032721
2017-04-04,0.77759082559921,-1.6830725463791243,1.6451321923585496,-0.019362735785253184
2017-04-05,0.545792214449822,-0.8507204841791972,1.6594570271511622,-0.03191675343581693
2017-04-06,0.8169221160452405,-2.028577175971547,1.480586074185214,-0.04396353804999452
2017-04-07,0.24208017875710014,-1.800367441936779,-0.49864754785482834,-0.018364120744867714
2017-04-08,0.054878363653396524,-1.8298138592315878,0.31884860437235135,-0.0012450057668265966
2017-04-09,0.2590985255847096,-2.315679744595932,1.6019018873594173,0.00018158714801016322
2017-04-10,0.35877741414642195,-2.4155872318461764,2.752334729186142,-0.01153685465243474
2017-04-11,0.5484104216540697,-2.514443061335891,1.9095021344686272,-0.02478378886163313
2017-04-12,0.5484104216540697,-2.028577175971547,0.5737965569313368,-0.026923678233888273
2017-04-13,0.605138244412768,-1.8453550239149592,-0.43337101893875973,-0.021772092708088574
2017-04-14,0.7185938899301639,-1.3439479738672435,-1.2219238045710792,-0.03405664280807207
2017-04-15,0.8169221160452405,-1.766831244462136,-0.20675061666410646,-0.046499703231926606
2017-04-16,0.7866672772406016,-1.5427112906072027,-1.063966920920404,-0.04190290383967425
2017-04-17,0.9984511488730746,-1.295688567745196,-0.3397669397383596,-0.03508695991323253
2017-04-18,1.1951076011032278,-1.9500533965187237,0.20215141352711571,-0.0426954554590275
2017-04-19,1.12703421379279,-2.1390012408270795,0.4712631412282666,-0.05545553653062347
2017-04-20,1.2631809884136653,-1.9402379240871206,-0.2963518898460686,-0.0682948727641543
2017-04-21,1.2291442947584466,-1.240885513335413,0.014019530660521876,-0.061161908189970506
2017-04-22,1.0453461490202647,-1.1510739405862465,0.4413344685365598,-0.05131841707759673
2017-04-23,1.041942479654743,-1.9402379240871206,0.679101146031787,-0.048322571956439665
2017-04-24,0.9228140518614769,-1.9612710792976982,1.1656400182289806,-0.036807929143828216
2013-01-01,-2.0724149897977813,1.4166536475210758,-1.5295240516802893,0.02895121093055127
2013-01-02,-2.426396603812057,1.858349906943207,-0.8688763137448327,0.04112480380382491
2013-01-03,-2.4581641845569275,1.5638857339951195,-0.502342445718002,0.046070325908592384
2013-01-04,-2.253944022625615,0.6412313254244454,-1.2561016098054358,0.03751076841957183
2013-01-05,-2.6170020882812826,1.5540702615635162,-0.709256726055729,0.03370652064667402
2013-01-06,-2.480855313660407,1.3165358287187259,-1.2014171214304652,0.04226607813569457
2013-01-07,-2.480855313660407,1.0691859234423324,-0.13285265940063262,0.05367882145438865
2013-01-08,-2.22801130365021,0.1925240142654558,0.05400360396558008,0.04634205789237011
2013-01-09,-1.5278278913142795,-0.5415331025837055,1.241649345699982,0.036559706476347535
2013-01-10,-1.9362682151769057,0.09156486925468249,0.11101059956883098,0.02895121093055127
2013-01-11,-1.2944334205356363,-0.5394297870626477,0.8140968786755972,0.03166853076833625
2013-01-12,-1.5278278913142795,0.7982788843300923,1.4031691665758605,0.028407746962994532
2013-01-13,-1.278225471176008,0.866987191351313,-0.502342445718002,0.01563634372540861
2013-01-14,-1.6866657950386341,1.6325940410163402,-1.3928128307428624,0.026098025100877748
2013-01-15,-1.4305801951565116,0.6720799530666265,-1.412343005162495,0.030038138865664744
2013-01-16,-1.5505190204177588,1.544254789131914,-1.5295240516802893,0.03465758258989831
2013-01-17,-1.1874609547620911,1.2007132540258114,-0.3656312247805752,0.029902272873776208
2013-01-18,-1.5505190204177588,1.868165379374811,0.45463610084398515,0.02229377732797994
2013-01-19,-1.7320480532455926,0.9553264432357391,-0.22522510597997505,0.0631894408866335
2013-01-20,-1.8973691367137984,0.8739982430881722,0.34853974791571174,0.05530921335706016
2013-01-21,-1.9090388602527306,0.9749573880989447,-1.037363656305553,0.05938519311373569
2013-01-22,-2.140488377108219,1.1320049470045916,-0.8459679469931558,0.06395029044121306
2013-01-23,-1.5278278913142795,-0.01640532749295011,-0.6390536666554288,0.05653200728406217
2013-01-24,-1.5505190204177588,0.013041089801858632,-0.16241184230602207,0.05653200728406217
2013-01-25,-1.7660847469008114,0.3860290422027699,-0.2991230632434489,0.05795860019889893
2013-01-26,-1.7093569241421136,0.21916601086552065,-0.022005723505421574,0.05177669756793942
2013-01-27,-1.6834242051667085,0.3018964213604591,-0.29753953558780305,0.04308127408703033
2013-01-28,-1.4143722457968835,-0.2617921382830224,-0.709256726055729,0.041315016192470286
2013-01-29,-1.5108095444866703,0.2976897903183437,-0.811790141758799,0.0344198171040924
2013-01-30,-1.4305801951565116,0.5879473322243156,-1.2951619586447007,0.04145088218435882
2013-01-31,-1.2283049871483538,0.3035790737773051,-0.8733101911806411,0.044548626799433264
2013-02-01,-1.255534342072529,0.7393860497404747,-1.037363656305553,0.030853334817000498
2013-02-02,-1.2166352636094218,1.0086104364358688,-1.2349879077301575,0.03737490242768329
2013-02-03,-0.9832407928307781,0.3018964213604591,-1.1178068612123633,0.026777355060324966
2013-02-04,-1.0610389497569928,0.8151054084985547,0.9344449805046833,0.022701375303647492
2013-02-05,-1.1704426079344818,1.8804347199143134,0.6264488514815617,0.032993224189255634
2013-02-06,-1.1647698256586119,0.6412313254244454,0.3844330414436846,0.046070325908592384
2013-02-07,-1.3099930519208791,-0.06155650067832304,0.8514681313488398,0.045689901131302925
2013-02-08,-1.5278278913142795,0.5879473322243156,0.5227277900367571,0.03737490242768329
2013-02-09,-1.3333324989987434,0.04949855883352709,0.5227277900367571,0.035744510525011784
2013-02-10,-1.3576444230381854,0.6510467978560486,-0.7591378472085739,0.03727300293376592
2013-02-11,-1.2725526889001382,0.5921539632664311,-0.3490041843962937,0.03370652064667402
2013-02-12,-1.3462988584864457,0.5823384908348279,0.11470549743200506,0.039412892306021054
2013-02-13,-1.2166352636094218,0.5711208080558532,-0.18035848907000834,0.030853334817000498
2013-02-14,-1.0740053092446953,0.1995350660023147,-0.5688506072551287,0.02039165344153071
2013-02-15,-0.8244028891064233,0.2878743178867405,0.7280585427188389,0.006125724293163113
2013-02-16,-1.4694792736196187,1.9004162173643628,0.35170680322700343,-0.014797638457775814
2013-02-17,-1.573210149521238,1.7405642377639718,-1.5295240516802893,0.011832095952510151
2013-02-18,-1.3099930519208791,1.0574073565244095,1.1795750615986644,0.031994609148870166
2013-02-19,-1.2749838813040824,1.269421561047032,-0.24053253998455154,0.02922294291432899
2013-02-20,-1.0221398712938852,0.8403451947512472,-0.24053253998455154,0.036559706476347535
2013-02-21,-0.7109472435890274,0.4028555663712324,-0.06317744255221443,0.027592551011659423
2013-02-22,-0.6428738562785897,0.30505139464204584,0.8813968040405471,0.030853334817000498
2013-02-23,-1.0610389497569928,0.8487584568354789,0.5227277900367571,0.036559706476347535
2013-02-24,-1.138837106683207,1.0843297951939488,0.11101059956883157,0.04715725384370586
2013-02-25,-1.1364059142792629,0.7320244454167726,-0.5014187212522087,0.04369267105053133
2013-02-26,-1.0026903320623317,0.5627075459716223,2.369516918433753,0.025962159108989212
2013-02-27,-0.6020298238923271,-0.19112073677548125,-0.053042865556080544,0.026288237489523126
2013-02-28,-0.7887454005152421,-0.4468839041361065,1.3429951156613174,0.039005294330353504
2013-03-01,-1.0740053092446953,-0.6544110355471388,3.8059084627425257,0.03275545870344972
2013-03-02,-0.8470940182099028,-0.37957780746225733,1.956612082224092,0.03227992773183726
2013-03-03,-0.801711760002945,0.14064223141269722,0.3844330414436846,0.031804396760224785
2013-03-04,-1.037699502679128,0.6216003805612398,-0.29690612452554455,0.02971206048513083
2013-03-05,-0.5918188157957615,0.0842032649309803,-0.6067233103526588,0.032993224189255634
2013-03-06,-0.5942500081997056,0.28506989719199743,-0.0061704469489627396,0.02922294291432899
2013-03-07,-0.24415830203174066,-0.19448604160917365,0.4055467435189628,0.026777355060324966
2013-03-08,-0.14366901600204657,-0.9194287912004174,0.0445024380317049,0.024195901214429168
2013-03-09,0.02813524721001008,-0.631975669989189,-0.3577135865023461,-0.007460874895757265
2013-03-10,-0.28305738049484774,-0.16924625535648075,-0.5920756795379347,-0.014797638457775814
2013-03-11,-0.16636014510552594,0.346767152476358,-1.3226097713425624,0.0032725384634895932
2013-03-12,-0.23443353241596362,0.12101128654949124,-0.43583428418087555,0.005174662349938822
2013-03-13,-0.5067270816577144,0.5921539632664311,-0.2991230632434489,-0.009091266798428775
2013-03-14,-0.39327143614031884,0.04248750709666737,1.1381922055311182,0.014685281782183672
2013-03-15,-0.14366901600204657,-0.8605359566108,0.18121365896913172,0.031804396760224785
2013-03-16,-0.6655649853820695,0.4252909319291818,-0.709256726055729,0.031804396760224785
2013-03-17,-0.3478891779333596,-0.10474457937737633,0.45463610084398476,0.025146963157653458
2013-03-18,-0.24415830203174066,-0.13559320701955618,2.340617538718215,-0.0066456789444228085
2013-03-19,-0.370580307036839,0.7786479394668867,0.7945667042559647,0.002321476520265303
2013-03-20,0.5370648571023303,-1.420017885212166,-0.022005723505421574,-0.006238080968755256
2013-03-21,-0.18905127420900583,-0.11456005180897869,0.7982616021191385,-0.012895514571326585
2013-03-22,0.003823323170568259,-0.6004259371733229,0.6236776780841816,-0.02407049240421475
2013-03-23,0.2931352192399284,-0.6077875414970251,0.6763299726344065,-0.016937527830030955
2013-03-24,0.24208017875710014,-0.6887651890577491,0.8841679774379269,-0.001958302224244976
2013-03-25,-0.23443353241596362,-0.8801669014740059,2.009264376774317,0.00018158714801016322
2013-03-26,-0.1469106058739724,-0.934853105021508,1.3429951156613174,-0.00990646274976453
2013-03-27,-0.5748004689681521,0.09156486925468249,-1.1193903888680092,-0.009091266798428775
2013-03-28,-0.38030507665261604,0.13363117967583832,0.1141776548801233,-0.005830482993087703
2013-03-29,-0.5407637753129332,0.5847923589427289,-0.29912306324344873,-0.004811488053918496
2013-03-30,-0.23443353241596362,-0.33540818152004426,0.934049098590772,-0.011231156170683914
2013-03-31,-0.2752775648022263,-0.14400646910378742,-0.053042865556080544,-0.011373815462167461
2013-04-01,0.02084166999817768,-0.8801669014740059,-0.5540710158024338,-0.011944452628102294
2013-04-02,-0.007522241381171193,-0.5562563112311097,0.3881279393068585,-0.006238080968755256
2013-04-03,0.13316275906039976,-0.8742776180150441,0.2750640646937435,-0.009091266798428775
2013-04-04,-0.08467208033300054,-1.0980703894555908,0.9357118026291998,-0.01593891278964548
2013-04-05,0.05147469428787483,-1.7341130030234595,1.9200325933786726,-0.020504010117122853
2013-04-06,0.08648386490467123,-1.8014190996973078,1.1086330226257295,-0.02539518582513414
2013-04-07,0.5338232672304044,-2.1884291555719373,0.7570898830723465,-0.03191675343581693
2013-04-08,0.47547464953574375,-1.5658477613388382,-0.35454653119105434,-0.026210381776469893
2013-04-09,0.6732116317232056,-1.763559420318268,0.3881279393068585,-0.0300146295493677
2013-04-10,0.6505205026197263,-1.9107915067923118,-0.17719143375871702,-0.02213440201979436
2013-04-11,0.6505205026197263,-2.1345842782328583,0.19525427084919178,-0.023927833112731205
2013-04-12,0.4949241887672973,-1.6415671200969177,-0.12335149346675725,-0.01724322631178178
2013-04-13,0.6777498575439013,-1.8401201052847709,0.6874146662239281,-0.012515089794037128
2013-04-14,0.41226364703319435,-1.240885513335413,-0.09128505843992875,-0.020504010117122853
2013-04-15,0.41226364703319435,-1.1230998441561781,-0.14393735299015367,-0.03833642155258235
2013-04-16,0.9398323986890864,-2.109554823532271,0.7816345617348571,-0.06044861173255212
2013-04-17,0.5416030829230258,-2.1345842782328583,-0.05304286555608093,-0.04789459408198838
2013-04-18,0.6894195810828333,-1.7761793134446149,-0.4748946330201402,-0.04414469270584676
2013-04-19,0.4171260318410826,-1.7172864788549973,-0.649082675141186,-0.045775084608516974
2013-04-20,0.7356122367577733,-1.8518986722026944,0.1636628941190565,-0.04118960738225587
2013-04-21,0.3328446951710172,-1.2826012711697259,1.5483258683433985,-0.021455072060347143
2013-04-22,0.2931352192399284,-0.8875285057977081,0.166434067516437,-0.0033848951390817363
2013-04-23,0.4633186875160226,-0.96114454903473,-0.5041898946495887,-0.004098191596500116
2013-04-24,0.6894195810828333,-1.1031183467061287,-1.060799865609112,-0.01153685465243474
2013-04-25,0.8061168164721552,-1.305036636727675,-0.709256726055729,-0.016428030360447324
2013-04-26,0.6335021557921168,-0.8580820885028994,-0.04140393728708355,-0.012657749085520675
2013-04-27,0.8061168164721552,-1.7088732167707663,1.460176162179112,-0.020504010117122853
2013-04-28,0.728318659545941,-1.9107915067923118,1.3461621709726095,-0.029471165581810965
2013-04-29,0.9398323986890864,-2.00649236300044,0.2163151886692816,-0.03263004989323531
2013-04-30,0.8061168164721552,-1.675220168433842,0.22819164608662568,-0.03273194938715269
2013-05-01,0.9033645126299235,-2.6259187839519527,1.2828210647467753,-0.0442805586977353
2013-05-02,0.6278293735162463,-2.254333041898414,1.005175882456866,-0.05360096574133542
2013-05-03,0.45602511030419024,-1.700459954686535,0.465720794433506,-0.0637093955378932
2013-05-04,1.0395112872507983,-1.7088732167707663,-0.8834447681767746,-0.06615498339189917
2013-05-05,1.007905785999524,-1.7267513986997571,-0.8616712629116439,-0.05688212944546023
2013-05-06,1.0249241328271335,-1.2482471176591152,-0.709256726055729,-0.051175757786113184
2013-05-07,1.041942479654743,-1.60160412519682,0.061129478415986566,-0.04903586841385805
2013-05-08,1.2631809884136653,-2.2052556797403993,0.5211442623811114,-0.0537911781299808
2013-05-09,1.2340066795663347,-2.028577175971547,0.4625537391222139,-0.05555743602454084
2013-05-10,1.1951076011032278,-1.927618030960774,0.5829018409513004,-0.05963341578121637
2013-05-11,0.7526305835853828,-1.7709210246419704,1.7543164242153322,-0.061161908189970506
2013-05-12,0.6310709633881727,-1.1956642296326707,-0.23736548467326002,-0.039253516997835476
2013-05-13,0.8839149733983699,-1.557434499254607,-0.6490826751411859,-0.040068712949169936
2013-05-14,0.961713130324584,-1.5406079750861448,-0.47172757770884866,-0.05148145626786401
2013-05-15,1.0589608264823522,-1.6163273338442243,-0.811790141758799,-0.06126380768388788
2013-05-16,1.0589608264823522,-1.513264873312394,0.061129478415986566,-0.06900816922157268
2013-05-17,1.0362696973788734,-1.9009760343607092,0.6578554833185383,-0.0585464878461029
2013-05-18,0.8411259870889516,-1.0745132556197434,1.345106485868846,-0.06615498339189917
2013-05-19,1.3766366339310618,-2.244517569466811,1.9621544290188522,-0.062350735619001355
2013-05-20,1.5218598601933284,-2.1345842782328583,0.11101059956883137,-0.06957880638750752
2013-05-21,1.4674011503449784,-2.440827018098869,0.9914519761079348,-0.06805710727834839
2013-05-22,1.569511231310635,-2.2567869100063147,2.369516918433752,-0.0682948727641543
2013-05-23,1.6716213122762915,-2.1856247348771936,1.4781228089430989,-0.07661666476736895
2013-05-24,1.7980433172813903,-1.9444445551292364,0.9946190314192265,-0.08082851051593432
2013-05-25,1.8369423957444984,-2.2389087280773237,0.7570898830723465,-0.07104615909991045
2013-05-26,1.7124653446625537,-2.311262782001711,0.8514681313488398,-0.07072008071937654
2013-05-27,1.4479516111134243,-1.700459954686535,0.4055467435189632,-0.06533978744056342
2013-05-28,1.3766366339310618,-1.8518986722026944,0.3179248799065583,-0.059497549789327836
2013-05-29,1.2145571403347817,-1.919204768876543,-0.29753953558780283,-0.0637093955378932
2013-05-30,0.9500434067856525,-1.8990129398743887,-0.29690612452554455,-0.06273116039629081
2013-05-31,1.1440525606203995,-1.1967158873931998,0.8287445094903214,-0.06778537529457067
2013-06-01,0.9228140518614769,-0.37957780746225733,1.4494873505035024,-0.06758157630673592
2013-06-02,0.9772727617098269,-0.22645643752925182,1.6185289277436987,-0.054742240073205085
2013-06-03,1.4129424404966284,-0.7918276495895797,1.184008939034472,-0.06273116039629081
2013-06-04,1.4479516111134243,-1.052638774200743,-0.41472058210559715,-0.06126380768388788
2013-06-05,1.6262390540693317,-1.4102024127805632,0.6578554833185375,-0.0718613550512462
2013-06-06,0.8255663557037087,0.07473834508622083,0.6969158321578033,-0.07593733480792174
2013-06-07,1.1951076011032278,-0.6593187717629404,0.11378177296621188,-0.0718613550512462
2013-06-08,1.222336956027403,-0.179342169857558,1.4278721980039362,-0.07756772671059324
2013-06-09,1.4900922794484563,-1.2040774917169021,1.0014809845936916,-0.08802940808606304
2013-06-10,1.5524928844830255,-1.042122196595454,0.2661963098221268,-0.08826717357186895
2013-06-11,0.6732116317232056,0.07193392439147611,2.095170752093105,-0.06044861173255212
2013-06-12,1.2145571403347817,-0.3711645453780261,0.1141776548801233,-0.0718613550512462
2013-06-13,0.6278293735162463,0.4841837665187993,0.6578554833185375,-0.06805710727834839
2013-06-14,0.6699700418512798,0.4533351388766182,0.2313587013979172,-0.07512213885658728
2013-06-15,0.7477681987774945,0.26824337302353496,1.4031691665758608,-0.07267655100258195
2013-06-16,0.24208017875710014,1.6732581410901237,0.35170680322700343,-0.08082851051593432
2013-06-17,0.22506183192949072,1.585970546966226,0.31884860437235174,-0.09040706294412408
2013-06-18,0.43268566322632546,1.3636500963904197,-0.38114979580590497,-0.0809915497062016
2013-06-19,0.6310709633881727,0.730972787656244,-0.5920756795379347,-0.06615498339189917
2013-06-20,1.0589608264823522,-0.4552971662203365,-0.47172757770884866,-0.07661666476736895
2013-06-21,1.308563246620624,-0.7721967047263737,-0.22892000384314856,-0.08707834614283809
2013-06-22,1.4129424404966284,-1.2394131924706726,0.8514681313488398,-0.08213282403807061
2013-06-23,1.353945504827582,-0.4384706420518748,0.3216197777697322,-0.08517622225638952
2013-06-24,1.0784103657139064,-0.32068497287263986,1.4031691665758608,-0.08164370646726878
2013-06-25,0.728318659545941,0.5879473322243156,0.9344449805046836,-0.06520392144867487
2013-06-26,0.7412850190336433,0.6510467978560486,-0.09220878290572193,-0.06615498339189917
2013-06-27,0.8450158949352623,0.08315160717045084,0.23452575670920894,-0.07919811861326476
2013-06-28,0.8547406645510393,0.22407374708132183,0.42415319347280195,-0.08327409836994028
2013-06-29,1.0929975201375712,-0.2028993036934049,1.5464784194118117,-0.08755387711445056
2013-06-30,1.0362696973788734,-0.48754800420989,0.7982616021191385,-0.07661666476736895
2013-07-01,1.1756580618716737,-0.37957780746225733,0.4055467435189628,-0.08082851051593432
2013-07-02,1.0784103657139064,-0.12717994493532533,0.6430758918658436,-0.08327409836994028
2013-07-03,0.8644654341668163,0.5627075459716223,-0.12018443815546571,-0.07430694290525217
2013-07-04,0.9738690923443052,0.41547545949757864,0.5211442623811114,-0.07756772671059324
2013-07-05,1.031731471558177,0.10334343617260616,1.3436285267235761,-0.07300262938311587
2013-07-06,0.7866672772406016,0.7477993118247056,0.9914519761079343,-0.057187827927211055
2013-07-07,0.809358406344081,0.9945883329621502,0.0445024380317049,-0.059497549789327836
2013-07-08,0.6278293735162463,0.866987191351313,-0.09220878290572172,-0.07471454088091972
2013-07-09,0.5143737279988508,1.0829275848465765,0.24772182050625818,-0.07851878865381753
2013-07-10,0.6164838089645074,0.8792565318908163,-0.09128505843992855,-0.08470069128477704
2013-07-11,0.9908874391719147,0.2976897903183437,0.04819733589487858,-0.07566560282414402
2013-07-12,0.49735538117124145,1.541800921024013,-0.2963518898460684,-0.06044861173255212
2013-07-13,0.8887773582062581,0.5774307546190267,1.1446582767916724,-0.06686827984931755
2013-07-14,0.7526305835853828,0.6584084021797507,-0.46262229368888486,-0.0754278373383381
2013-07-15,0.8887773582062581,0.7541092583878791,1.4716567376825445,-0.06972146567899107
2013-07-16,0.6335021557921168,1.3798456259025649,0.465720794433506,-0.06615498339189917
2013-07-17,0.803685624068211,1.0559350356596688,0.3881279393068585,-0.0718613550512462
2013-07-18,0.8887773582062581,0.9160645535093273,-0.29912306324344873,-0.08898047002928731
2013-07-19,0.7185938899301639,0.7688324670352835,0.5248391602442849,-0.08707834614283809
2013-07-20,0.21938904965362027,1.7798261274903848,-0.4358342841808757,-0.06520392144867487
2013-07-21,0.4054563083021505,1.622778568584737,-1.0329297788697447,-0.0809915497062016
2013-07-22,0.5824471153092886,1.1712668367310026,-0.5688506072551287,-0.07851878865381753
2013-07-23,0.9033645126299235,0.6047738563927774,-0.6490826751411859,-0.0718613550512462
2013-07-24,0.6116214241566191,1.3956204923104978,-0.649082675141186,-0.07675253075925749
2013-07-25,0.4236092115849333,1.4166536475210758,0.24772182050625818,-0.08802940808606304
2013-07-26,0.6505205026197263,0.7898656222458614,-0.29437248027651114,-0.08653488217528135
2013-07-27,0.6699700418512798,1.0927430572781796,-0.5920756795379347,-0.07593733480792174
2013-07-28,0.961713130324584,0.4112688284554632,-0.18035848907000854,-0.07104615909991045
2013-07-29,0.7866672772406016,1.000197174351638,-0.47172757770884866,-0.07675253075925749
2013-07-30,0.7185938899301639,0.8964336086461216,0.24772182050625818,-0.08042091254026676
2013-07-31,0.491682598895371,1.063296639983371,0.6578554833185375,-0.07946985059704247
2013-08-01,0.6505205026197263,0.7688324670352835,-0.29912306324344873,-0.0718613550512462
2013-08-02,0.8644654341668163,0.3523759938658457,0.9344449805046836,-0.0637093955378932
2013-08-03,0.9908874391719147,0.11119581411788847,0.8684646615194384,-0.05569330201642938
2013-08-04,0.9908874391719147,0.12101128654949124,-0.3988853055491387,-0.09896662043314464
2013-08-05,0.5824471153092886,0.9749573880989447,-0.025700621368595255,-0.054742240073205085
2013-08-06,0.26477130786057956,1.7798261274903848,-0.6390536666554288,-0.048084806470633755
2013-08-07,0.4292819938608038,1.4608232734632889,-0.8090189683614187,-0.049749164871276425
2013-08-08,0.4463003406884132,1.387207230226267,-0.16241184230602207,-0.057595425902878604
2013-08-09,0.26477130786057956,1.5933321512899283,-0.7055618281925553,-0.054742240073205085
2013-08-10,0.5727223456935115,1.1432226297835664,-0.1771914337587168,-0.0585464878461029
2013-08-11,0.6505205026197263,0.9651419156673415,-0.022005723505421574,-0.0537911781299808
2013-08-12,0.5824471153092886,1.2399751437522233,0.3216197777697322,-0.054742240073205085
2013-08-13,0.7526305835853828,0.6804932151508573,0.9368202719881521,-0.0647283904770624
2013-08-14,0.605138244412768,0.8179098291932978,0.6578554833185383,-0.061399673675776416
2013-08-15,0.3393278749148684,1.4461000648158846,0.2883656970011685,-0.05066626031652956
2013-08-16,0.1876214689087502,1.858349906943207,-0.5407693834950086,-0.055883514405074754
2013-08-17,0.3004287964517608,1.7994570723535894,1.6375312596114495,-0.0637093955378932
2013-08-18,0.4236092115849333,1.377391757794664,-1.2561016098054358,-0.059497549789327836
2013-08-19,0.4009180824814549,1.4264691199526789,-0.29912306324344873,-0.057595425902878604
2013-08-20,0.2931352192399284,1.6522249858795457,-0.3490041843962937,-0.06615498339189917
2013-08-21,0.4236092115849333,1.2203441988890178,0.7570898830723465,-0.06452459148922765
2013-08-22,0.5370648571023303,0.8473562464881066,-0.09220878290572172,-0.0537911781299808
2013-08-23,0.8255663557037087,0.7477993118247056,-0.9436188190913178,-0.05229665221919912
2013-08-24,0.9228140518614769,0.6363235892086442,2.5773549232372726,-0.0585464878461029
2013-08-25,0.5143737279988508,1.7847338637061851,-1.3244572202741494,-0.06758157630673592
2013-08-26,0.9228140518614769,0.5553459416479202,-0.09405623183730887,-0.07267655100258195
2013-08-27,0.942263591093031,-0.18607277952494283,2.2551070453133386,-0.06126380768388788
2013-08-28,0.6699700418512798,0.015845510496603356,1.0516260270224775,-0.039253516997835476
2013-08-29,0.8547406645510393,-0.2028993036934049,0.5266866091758721,-0.04190290383967425
2013-08-30,0.5370648571023303,0.7393860497404747,-0.842273049129982,-0.040476310924837486
2013-08-31,0.5143737279988508,0.665770006503453,-0.49864754785482834,-0.04190290383967425
2013-09-01,0.6505205026197263,0.2800219399414586,1.0155215964737518,-0.04218822242264134
2013-09-02,0.9033645126299235,-0.5646695733153414,1.8718933526470378,-0.039253516997835476
2013-09-03,1.0249241328271335,-0.8801669014740059,1.751545250817952,-0.05188905424353157
2013-09-04,0.8839149733983699,-0.7329348149999623,1.6945382552146997,-0.048084806470633755
2013-09-05,0.8774317936545186,-0.8507204841791972,1.4781228089430989,-0.05188905424353157
2013-09-06,0.728318659545941,-0.27861866245148403,0.6969158321578033,-0.04088390890050504
2013-09-07,0.7639761481371218,-0.5071789490730951,-0.025700621368595255,-0.03667206315193968
2013-09-08,0.3782269533779755,0.665770006503453,-1.0140857997675587,-0.019077417202286093
2013-09-09,0.7866672772406016,-0.17345288639859616,7.830391215311315,-0.020504010117122853
2013-09-10,0.605138244412768,0.346767152476358,-0.709256726055729,-0.0300146295493677
2013-09-11,0.767217738009048,0.041085296749296264,-0.649082675141186,-0.02865596963047586
2013-09-12,0.809358406344081,-0.006589855061346498,-0.9124761085302823,-0.013846576514551524
2013-09-13,0.8061168164721552,0.3944423042870007,-0.8264377725735231,-0.019688814165787098
2013-09-14,0.7185938899301639,0.3860290422027699,-0.9124761085302823,-0.03857418703838826
2013-09-15,0.8717590113786488,-0.23970732531191583,-0.6566044315055038,-0.05260235070094995
2013-09-16,0.605138244412768,-0.026220799924552465,0.044502438031705095,-0.047133744527408816
2013-09-17,0.5484104216540697,-0.23234572098821366,-0.7591378472085739,-0.04404279321192939
2013-09-18,0.5338232672304044,-0.11035342076686327,-0.29753953558780283,-0.04251430080317525
2013-09-19,0.6232911476955513,0.06800773541883559,-0.8733101911806411,-0.05017714274572772
2013-09-20,0.4689914697918926,0.5627075459716223,0.5950422196445855,-0.04332949675451101
2013-09-21,-0.0029840155604756056,1.6816714031743545,-0.38114979580590497,-0.04332949675451101
2013-09-22,0.4236092115849333,1.1320049470045916,-0.8459679469931558,-0.050937992300307273
2013-09-23,0.6894195810828333,0.44492187679238737,-0.5319016286233916,-0.054742240073205085
2013-09-24,0.7526305835853828,0.31241299896574803,-0.2464707686932236,-0.04475608966934777
2013-09-25,0.45602511030419024,0.8571717189197098,-0.06317744255221423,-0.029471165581810965
2013-09-26,0.4054563083021505,1.080964490360256,-0.6250130547753687,-0.022786558780861537
2013-09-27,0.5143737279988508,0.6363235892086442,0.11378177296621149,-0.028350271148725032
2013-09-28,0.6505205026197263,0.40565998706597545,-1.2561016098054358,-0.0300146295493677
2013-09-29,0.3976764926095291,1.1432226297835664,-0.29753953558780283,-0.038438321046499725
2013-09-30,0.2226306395255466,1.4208602785631912,-0.5920756795379347,-0.03354714533848844
2013-10-01,0.4171260318410826,0.48698818721354237,-0.11701738284417398,-0.016428030360447324
2013-10-02,0.5416030829230258,0.056229168500911926,0.11544447700463971,-0.0033848951390817363
2013-10-03,0.4599150181505009,-0.08511363451416995,0.11101059956883137,-0.011373815462167461
2013-10-04,-0.052904499588130455,1.4068381750894725,-0.025700621368595255,-0.017650824287449334
2013-10-05,0.4463003406884132,0.5038147113820048,-1.066738094317784,-0.03690982863774559
2013-10-06,0.6164838089645074,0.35658262490796117,-1.1193903888680092,-0.03049016052098017
2013-10-07,0.6116214241566191,0.36078925595007655,-1.1779809121269063,-0.00990646274976453
2013-10-08,0.5416030829230258,0.5273718452178522,-1.5295240516802893,-0.004526169470951404
2013-10-09,0.7639761481371218,0.2976897903183437,-0.295428165380275,-0.0014827712526325068
2013-10-10,0.5727223456935115,0.3439627317816149,-0.6490826751411859,0.001506280568929548
2013-10-11,-0.1858096843370795,1.732150975679741,-0.5889086242266429,-0.0001241113337406637
2013-10-12,0.12538294336777833,1.3030746093839563,-0.8834447681767746,-0.013167246555104305
2013-10-13,0.26477130786057956,1.4068381750894725,-1.3928128307428624,-0.016699762344225044
2013-10-14,0.3393278749148684,0.8487584568354789,-0.29753953558780283,-0.020504010117122853
2013-10-15,0.08648386490467123,0.9413043397620205,-0.709256726055729,-0.00827607084709302
2013-10-16,0.16428202183088544,0.8571717189197098,-1.5295240516802893,-0.009091266798428775
2013-10-17,0.2226306395255466,0.9581308639304822,-1.2951619586447007,-0.0009393072850757696
2013-10-18,0.15131566234318258,0.749201522172078,-1.5295240516802893,-0.0005317093094082166
2013-10-19,-0.08856198817931124,0.537467759718929,-1.060799865609112,0.0055822603256063755
2013-10-20,-0.12097788689856814,0.4351064043607842,-1.1858985504051358,0.0004193526338160736
2013-10-21,-0.04723171731226,0.1872657254628109,-1.2219238045710792,-0.004098191596500116
2013-10-22,0.3509975984538005,-0.40313494129810423,-1.5295240516802893,0.002321476520265303
2013-10-23,-0.030213370484650583,0.41547545949757864,-1.2718049257239241,0.01730070212605128
2013-10-24,-0.1858096843370795,0.7477993118247056,-1.2951619586447007,0.01536461174163089
2013-10-25,-0.3297362746505763,0.9042859865914036,-1.117173450150105,0.002321476520265303
2013-10-26,-0.3025069197264013,1.0456287896064858,-1.3654705865553771,0.00346275085213497
2013-10-27,-0.31952526655401076,0.3786674378790677,-0.9642046786147138,0.00018158714801016322
2013-10-28,-0.3478891779333596,0.16027317627590235,-0.43583428418087555,-0.0033848951390817363
2013-10-29,-0.3025069197264013,0.13363117967583832,-0.649082675141186,0.0031366724716010573
2013-10-30,-0.3219564589579549,0.4112688284554632,-1.0006258146945688,0.012919023887623626
2013-10-31,-0.21174240331248423,-0.09492910694577272,-0.8459679469931558,0.01278315789573509
2013-11-01,-0.24415830203174066,0.5122279734662357,-1.2951619586447007,0.01536461174163089
2013-11-02,-0.48970873483010496,0.26824337302353496,-0.5014187212522087,0.02229377732797994
2013-11-03,-0.6258555094509803,-0.15136807342748962,-0.2963518898460686,0.030853334817000498
2013-11-04,-0.5521093398646727,-0.369762335030655,-0.9826791679305824,0.039412892306021054
2013-11-05,-0.8697851473133826,0.8179098291932978,-1.5295240516802893,0.039412892306021054
2013-11-06,-0.6331490866628127,0.3692025180343074,-0.8232707172622318,0.030038138865664744
2013-11-07,-0.6914977043574738,0.7477993118247056,-0.5319016286233914,0.02895121093055127
2013-11-08,-0.9832407928307781,1.2812001279649559,2.8849551703464833,0.02871344544474536
2013-11-09,-0.730396782820581,0.7730390980773989,-1.412343005162495,0.034929314573676026
2013-11-10,-1.1420786965551328,0.6804932151508573,-0.9826791679305824,0.030853334817000498
2013-11-11,-0.8665435574414563,0.08315160717045084,-0.24053253998455154,0.016179807692965346
2013-11-12,-1.1777361851463142,0.6636666909823948,-1.352168954247952,0.018625395546970666
2013-11-13,-1.017277486485997,0.26824337302353496,-0.8616712629116439,0.02086718441314318
2013-11-14,-1.0342958333136063,0.17254251681540653,-0.7591378472085739,0.026573556072490217
2013-11-15,-1.1193875674516536,0.3860290422027699,-1.3244572202741494,0.03370652064667402
2013-11-16,-1.1704426079344818,0.5406227330005158,-1.5295240516802893,0.04226607813569457
2013-11-17,-1.3138829597671897,0.4112688284554632,-1.0006258146945688,0.04063568623302306
2013-11-18,-0.9151674055203405,-0.31332336854893766,0.11378177296621188,0.03584641001892916
2013-11-19,-1.0002591396583875,0.17990412113910872,0.06112947841598637,0.02800014898732698
2013-11-20,-0.9492040991755593,-0.09247523883787213,-0.964204678614714,0.01230762692412262
2013-11-21,-1.0002591396583875,0.34185941626055677,-1.066738094317784,0.01444751629637776
2013-11-22,-1.0342958333136063,0.8498101145960075,-1.2718049257239241,0.02942674190216374
2013-11-23,-0.9637912535992246,1.0254369606043314,-1.352168954247952,0.022701375303647492
2013-11-24,-0.8300756713822933,-0.09247523883787213,-0.40165647894651885,0.02229377732797994
2013-11-25,-0.5407637753129332,-0.6225107501444295,0.5765677303287169,0.013020923381541
2013-11-26,-0.5407637753129332,-0.5341714982600032,0.6319911982763223,0.006601255264775582
2013-11-27,-0.8300756713822933,0.4743682940871961,-0.9115523840644889,0.0237203702428167
2013-11-28,-0.898149058692731,0.6731316108271551,-1.1193903888680092,0.04083948522085781
2013-11-29,-1.017277486485997,0.36394422923166336,-0.45153760009936383,0.03584641001892916
2013-11-30,-1.0002591396583875,0.5406227330005158,1.089234808844067,0.03014003835958212
2013-12-01,-0.9832407928307781,0.26824337302353496,-1.1779809121269063,0.03166853076833625
2013-12-02,-1.0853508737964346,0.7541092583878791,-1.1193903888680092,0.03014003835958212
2013-12-03,-1.0513141801412158,0.7688324670352835,-1.2219238045710792,0.035133113561510776
2013-12-04,-1.0999380282201,0.6720799530666265,-0.5920756795379347,0.036559706476347535
2013-12-05,-1.0999380282201,0.5038147113820048,-0.0030033916376712086,0.026777355060324966
2013-12-06,-1.2385159952449194,0.7025780281219639,-0.7064855526583488,0.01944059149830642
2013-12-07,-1.255534342072529,1.181082309162606,-1.2718049257239241,0.02086718441314318
2013-12-08,-1.1874609547620911,1.3651224172551606,-1.5295240516802893,0.01944059149830642
2013-12-09,-1.2385159952449194,1.107466265925584,-1.016856973164939,0.0165874056686329
2013-12-10,-1.3236077293829664,1.2546983523996278,-0.964204678614714,0.01801399858346966
2013-12-11,-1.1704426079344818,0.6731316108271551,-0.09405623183730848,0.0201538879557248
2013-12-12,-1.017277486485997,0.11364968222578906,2.217102381577837,0.010881034009285862
2013-12-13,-1.0999380282201,0.4280953526239249,1.0484589717111863,0.008027848179612341
2013-12-14,-1.2360848028409752,1.0927430572781796,-1.352168954247952,0.011288631984953414
2013-12-15,-1.3236077293829664,1.5197161080529065,-0.964204678614714,0.025860259615071837
2013-12-16,-1.3576444230381854,1.7111178204691633,-1.2718049257239241,0.02871344544474536
2013-12-17,-1.425717810348623,1.9098811372091222,-1.3244572202741494,0.02086718441314318
2013-12-18,-1.4086994635210137,1.9172427415328244,-1.066738094317784,0.011594330466704241
2013-12-19,-1.2385159952449194,1.6890330074980566,-0.8090189683614187,0.013020923381541
2013-12-20,-1.340626076210576,1.821541885324696,-0.5512998424050535,0.030853334817000498
2013-12-21,-1.425717810348623,1.976135576122442,-1.4269906359772193,0.036559706476347535
2013-12-22,-1.3576444230381854,1.976135576122442,-1.2219238045710792,0.044405967507949715
2013-12-23,-1.4937911976590608,1.6375017772321414,0.4712631412282666,0.05653200728406217
2013-12-24,-1.5959012786247173,1.43137685616848,-0.2464707686932236,0.06152508248599083
2013-12-25,-1.573210149521238,0.16027317627590235,6.116143351691878,0.057245303741480555
2013-12-26,-1.783103093728421,0.42283706382128083,-0.5540710158024338,0.049399042709878375
2013-12-27,-1.8171397873836397,1.144274287544095,-1.2718049257239241,0.045832560422786474
2013-12-28,-1.953286562004515,0.5627075459716223,-0.3490041843962937,0.049399042709878375
2013-12-29,-1.9946168328715665,0.5290544976346981,-0.3490041843962937,0.0451192639653681
2013-12-30,-1.7490664000732021,1.1221894745729883,-0.09405623183730867,0.042979374593112955
2013-12-31,-1.459754504003842,1.7037562161454611,-0.4515376000993636,0.05653200728406217
2014-01-01,-1.6129196254523266,1.7184794247928654,0.1664340675164368,0.05938519311373569
2014-01-02,-1.9362682151769057,1.0559350356596688,0.2661963098221264,0.05510541436922541
2014-01-03,-1.7320480532455926,0.8498101145960075,-0.3490041843962937,0.04083948522085781
2014-01-04,-1.6809930127627644,1.6301401729084393,-1.2718049257239241,0.03227992773183726
2014-01-05,-1.7490664000732021,1.6816714031743545,-1.4269906359772193,0.02229377732797994
2014-01-06,-1.8779195974822447,1.5218194235739646,4.531032168390364,0.04012618876343944
2014-01-07,-1.7806719013244767,0.6973197393193198,3.037369707202398,0.04083948522085781
2014-01-08,-1.8171397873836397,0.9675957837752425,-1.1193903888680092,0.041552781678276196
2014-01-09,-1.6866657950386341,1.3283143956366497,-1.2561016098054358,0.036559706476347535
2014-01-10,-1.7490664000732021,1.468184877786991,-1.5295240516802893,0.0344198171040924
2014-01-11,-1.783103093728421,1.306229582665543,-0.03863276388970324,0.05153893208213351
2014-01-12,-1.6809930127627644,1.2031671221337124,-0.8090189683614187,0.05795860019889893
2014-01-13,-1.5278278913142795,0.7025780281219639,-1.2718049257239241,0.05011233916729675
2014-01-14,-1.4086994635210137,0.9602341794515403,-0.9115523840644889,0.036559706476347535
2014-01-15,-1.8001214405560304,1.9466891588276332,-1.4269906359772193,0.052252228539551894
2014-01-16,-1.761222362092923,1.7742172861008954,-1.1779809121269063,0.051233233600382684
2014-01-17,-1.8001214405560304,2.0791980366542724,-1.2718049257239241,0.04012618876343944
2014-01-18,-1.7320480532455926,1.9908587847698462,-1.1193903888680092,0.05510541436922541
2014-01-19,-1.459754504003842,1.4166536475210758,-0.7591378472085739,0.07079793643242976
2014-01-20,-1.4427361571762325,1.3577608129314582,-0.5512998424050535,0.06152508248599083
2014-01-21,-1.5861765090089406,2.1444008178070635,0.06033771458816354,0.05693960525972973
2014-01-22,-1.3576444230381854,2.101282849625379,-0.04140393728708355,0.05296552499697027
2014-01-23,-1.3065893825553572,1.7479258420876742,-0.04140393728708355,0.05510541436922541
2014-01-24,-1.544846238141889,1.6743097988506523,0.2689674832195069,0.049399042709878375
2014-01-25,-1.8341581342112492,2.0718364323305702,0.31884860437235174,0.052252228539551894
2014-01-26,-1.4767728508314513,1.4902696907580977,0.42415319347280195,0.04868574625245999
2014-01-27,-1.1704426079344818,0.7025780281219639,0.6763299726344065,0.04654585688020486
2014-01-28,-1.1704426079344818,0.5553459416479202,0.11378177296621149,0.035133113561510776
2014-01-29,-1.4086994635210137,1.26205995672333,-0.5041898946495887,0.045832560422786474
2014-01-30,-1.459754504003842,1.343037604284054,-1.3244572202741494,0.05011233916729675
2014-01-31,-1.425717810348623,1.2988679783418409,-0.8616712629116439,0.049399042709878375
2014-02-01,-1.5278278913142795,1.1148278702492862,-0.964204678614714,0.052252228539551894
2014-02-02,-1.3576444230381854,0.9234261578330294,-1.1193903888680092,0.03584641001892916
2014-02-03,-0.9248921751361174,0.20093727634968578,1.1945393979445174,0.0201538879557248
2014-02-04,-0.8665435574414563,0.29348315927622826,1.4467161771061223,0.002321476520265303
2014-02-05,-1.1193875674516536,0.7246628410930704,-1.1692715100208542,0.005174662349938822
2014-02-06,-0.9151674055203405,0.2903281859946415,-0.19658964754037858,0.0016081800628469228
2014-02-07,-0.7620022840718557,0.4007522508501743,1.8069687187655574,-0.007664673883592015
2014-02-08,-1.5788829317971078,1.468184877786991,0.2689674832195069,0.004461365892520442
2014-02-09,-1.6809930127627644,0.17254251681540653,0.5239154357784915,0.008027848179612341
2014-02-10,-1.7150297064179831,0.07684166060727812,-0.709256726055729,0.010881034009285862
2014-02-11,-1.6129196254523266,0.2461585600524284,-0.709256726055729,0.0165874056686329
2014-02-12,-1.629937972279936,0.3860290422027699,0.5239154357784915,0.0165874056686329
2014-02-13,-1.3576444230381854,0.2387969557287262,-0.4487664267019835,0.01730070212605128
2014-02-14,-1.6639746659351549,2.064474828006868,-0.3462330109989134,0.007314551722193962
2014-02-15,-1.7490664000732021,1.7111178204691633,-0.6566044315055038,0.013020923381541
2014-02-16,-1.5959012786247173,1.0927430572781796,0.4186108466780413,0.030853334817000498
2014-02-17,-1.3746627698657947,0.3344978119368546,1.2915304668528267,0.04083948522085781
2014-02-18,-1.3576444230381854,-0.018859195600850278,0.42138202007542147,0.03869959584860268
2014-02-19,-1.3746627698657947,0.8792565318908163,-1.1193903888680092,0.0344198171040924
2014-02-20,-1.2385159952449194,1.0706582443070731,-1.116619215470629,0.0237203702428167
2014-02-21,-1.102369220624044,0.6952164237982617,0.4186108466780413,0.02086718441314318
2014-02-22,-1.1704426079344818,1.4829080864343955,-0.14393735299015348,0.03869959584860268
2014-02-23,-1.1874609547620911,1.1516358918677971,0.2190863620666621,0.05011233916729675
2014-02-24,-1.2044793015897006,0.5258995243531114,-0.3462330109989134,0.045832560422786474
2014-02-25,-0.9662224460031688,0.5038147113820048,-1.3244572202741494,0.037986299391184294
2014-02-26,-0.8811307118651216,0.628961984884942,-1.066738094317784,0.02086718441314318
2014-02-27,-0.898149058692731,0.9528725751278382,0.061129478415986566,0.01444751629637776
2014-02-28,-1.3065893825553572,1.6448633815558436,-0.24369959529584367,0.01444751629637776
2014-03-01,-1.2360848028409752,1.580712258163582,-0.5889086242266429,0.026777355060324966
2014-03-02,-1.2385159952449194,1.0927430572781796,-0.2464707686932236,0.03727300293376592
2014-03-03,-1.0002591396583875,0.30505139464204584,-0.709256726055729,0.03227992773183726
2014-03-04,-0.8811307118651216,0.34922102058425897,-0.7064855526583488,0.03370652064667402
2014-03-05,-0.8641123650375122,0.3860290422027699,-0.3490041843962935,0.031566631274418874
2014-03-06,-0.9321857523479499,0.20935053843391746,-0.5014187212522087,0.032993224189255634
2014-03-07,-0.9151674055203405,0.1430960995205978,-0.04140393728708355,0.03727300293376592
2014-03-08,-0.7279655904166368,0.20198893411021526,0.679101146031787,0.036559706476347535
2014-03-09,-0.4386536943472767,-0.22498411666451146,0.1664340675164368,0.02229377732797994
2014-03-10,-0.7109472435890274,0.20198893411021526,0.8841679774379269,0.02158048087056156
2014-03-11,-0.6136995474312591,0.5627075459716223,1.928900348250289,0.01781019959563491
2014-03-12,-0.7109472435890274,0.4964531070583027,-0.09128505843992855,0.03227992773183726
2014-03-13,-0.8470940182099028,0.010587221693958461,0.6763299726344065,0.03227992773183726
2014-03-14,-0.7620022840718557,0.04739524331246939,-0.24369959529584329,0.025146963157653458
2014-03-15,-0.48970873483010496,0.12837289087319342,-0.9115523840644889,0.032993224189255634
2014-03-16,-0.28548857289879187,-0.11456005180897869,-0.14393735299015367,0.027286852529908596
2014-03-17,0.13997009779144362,-0.49000187231779013,-0.04140393728708355,0.0037480694351020626
2014-03-18,-0.049662909716204136,-0.4132308557991815,0.6430758918658436,0.012919023887623626
2014-03-19,-0.4726903880024955,-0.18081449072229835,0.7289822671846318,0.015160812753796141
2014-03-20,-0.5067270816577144,-0.32068497287263986,0.11101059956883137,0.0008948836054285431
2014-03-21,-0.370580307036839,0.25352016437613056,-0.3462330109989134,-0.019790713659704473
2014-03-22,-0.030213370484650583,-0.05566721721936121,-0.8616712629116439,-0.020504010117122853
2014-03-23,-0.33654361338162014,0.0842032649309803,0.4712631412282666,0.00018158714801016322
2014-03-24,-0.3875986538644484,0.746747654064177,0.5737965569313368,0.005887958807357202
2014-03-25,-0.08126841096747885,-0.011497591277148094,-0.914323557461869,-0.0005317093094082166
2014-03-26,-0.013195023657041161,-0.09247523883787213,-0.914323557461869,0.00018158714801016322
2014-03-27,-0.23443353241596362,0.16518091249170436,-0.4459952533046032,0.006601255264775582
2014-03-28,-0.10801152741086528,0.4196820905396941,-0.5319016286233916,0.0031366724716010573
2014-03-29,0.08891505730861536,-0.28387695125412893,0.32161977776973183,0.0037480694351020626
2014-03-30,-0.14934179827791652,-0.806550858236984,1.5520207662065724,-0.004098191596500116
2014-03-31,-0.14934179827791652,-0.96114454903473,1.396835055953277,-0.013371045542939055
2014-04-01,-0.04723171731226,-0.8654436928266016,0.6236776780841816,-0.025497085319051514
2014-04-02,0.2080434851018813,-1.005314174976943,0.06112947841598637,-0.027636974691306652
2014-04-03,-0.030213370484650583,-0.7329348149999623,0.7816345617348571,-0.0012450057668265966
2014-04-04,0.08648386490467123,-0.7413480770841939,1.1118000779370212,-0.004200091090417491
2014-04-05,0.2931352192399284,-0.9685061533584322,0.5239154357784915,-0.009804563255847155
2014-04-06,0.6675388494473357,-0.8948901101214103,-0.04140393728708355,-0.017650824287449334
2014-04-07,0.27611687241231897,-0.7550196279710688,1.3441827614030522,-0.005524784511336876
2014-04-08,0.07189671048100595,-1.0936534268613693,1.2915304668528267,-0.0012450057668265966
2014-04-09,0.07189671048100595,-1.483818456017585,1.2943016402502072,-0.001958302224244976
2014-04-10,0.15698844461905304,-1.83717546355529,1.2416493456999824,0.0016081800628469228
2014-04-11,0.3976764926095291,-1.8518986722026944,0.7000828874690954,-0.01153685465243474
2014-04-12,0.5313920748264603,-1.2114390960406043,-0.39888530554913854,-0.019790713659704473
2014-04-13,0.22506183192949072,-1.1819926787457955,1.9095021344686272,-0.005524784511336876
2014-04-14,0.32717191289514724,-0.8139124625606863,-0.3434618376015331,0.00018158714801016322
2014-04-15,0.5143737279988508,-0.72557321067626,-0.964204678614714,-0.008377970341010395
2014-04-16,0.2590985255847096,-0.4016626204333639,-0.5540710158024338,-0.013371045542939055
2014-04-17,0.15698844461905304,-0.6372339587918339,0.5211442623811114,-0.020504010117122853
2014-04-18,-0.1323234514503071,0.23143535140502403,1.649011835114882,0.005887958807357202
2014-04-19,0.054878363653396524,-0.15136807342748962,-0.3988853055491387,0.004461365892520442
2014-04-20,0.24208017875710014,-0.7329348149999623,-0.5014187212522087,-0.0005317093094082166
2014-04-21,0.3782269533779755,-1.6089657295205222,0.42415319347280195,-0.0033848951390817363
2014-04-22,0.5654287684816791,-1.8298138592315878,1.241649345699982,0.006601255264775582
2014-04-23,0.5313920748264603,-1.3807559954857545,-0.19381847414299846,-0.009091266798428775
2014-04-24,0.5654287684816791,-1.4470104343990742,0.2163151886692816,-0.026923678233888273
2014-04-25,0.7356122367577733,-1.5353496862835003,0.2689674832195069,-0.025497085319051514
2014-04-26,0.8547406645510393,-1.675220168433842,0.2689674832195069,-0.02407049240421475
2014-04-27,0.7356122367577733,-1.7930058376130769,0.3216197777697322,-0.019790713659704473
2014-04-28,0.8547406645510393,-1.918153111116014,0.7289822671846318,-0.028350271148725032
2014-04-29,0.9398323986890864,-1.8592602765263966,0.3160774309749712,-0.03833642155258235
2014-04-30,1.0929975201375712,-2.0580235932663555,-0.3462330109989134,-0.03904971801000073
2014-05-01,1.3142360288964936,-2.234702097035208,0.6292200248789422,-0.05188905424353157
2014-05-02,1.246162641586056,-2.102193219208569,-0.09128505843992855,-0.049749164871276425
2014-05-03,0.8887773582062581,-1.594242520873118,-0.09405623183730887,-0.03976301446741911
2014-05-04,0.9057957050338675,-1.5353496862835003,-0.24369959529584348,-0.04332949675451101
2014-05-05,0.6164838089645074,-0.42374743340447046,0.47403431462564677,-0.027636974691306652
2014-05-06,0.5921718849250656,-0.5478430491468785,-0.0030033916376710117,-0.021319206068458607
2014-05-07,0.8887773582062581,-0.6961267933814513,-1.1193903888680092,-0.03619653218032721
2014-05-08,0.8377223177234299,-1.0273989879480496,0.834286856285082,-0.04546938612676615
2014-05-09,0.7185938899301639,-1.2261623046880086,-0.09128505843992836,-0.05800302387854616
2014-05-10,0.6505205026197263,-1.3439479738672435,0.2190863620666619,-0.056168832988041845
2014-05-11,0.599465462136898,-1.1819926787457955,0.1664340675164368,-0.03762312509516397
2014-05-12,0.3782269533779755,-0.41638582908076827,0.8841679774379269,-0.03263004989323531
2014-05-13,0.003823323170568259,0.31241299896574803,0.679101146031787,-0.012657749085520675
2014-05-14,0.22506183192949072,-0.3059617642252355,0.37150089892257704,-0.02335719594679637
2014-05-15,0.5824471153092886,-1.2114390960406043,0.9368202719881521,-0.03619653218032721
2014-05-16,0.803685624068211,-1.1893542830694976,0.5737965569313368,-0.040476310924837486
2014-05-17,0.6335021557921168,-0.7550196279710688,0.061129478415986566,-0.020504010117122853
2014-05-18,0.8547406645510393,-1.476456851693883,1.5520207662065724,-0.018364120744867714
2014-05-19,0.9738690923443052,-1.8224522549078856,1.036582514293843,-0.02264389948937799
2014-05-20,0.803685624068211,-1.557434499254607,0.1636628941190565,-0.02264389948937799
2014-05-21,1.0589608264823522,-1.6457737511390331,0.6236776780841816,-0.048322571956439665
2014-05-22,1.0929975201375712,-1.594242520873118,0.934049098590772,-0.06330179756222565
2014-05-23,1.2801993352412748,-1.6310505424916288,2.7824217546434133,-0.06044861173255212
2014-05-24,0.8547406645510393,-0.5857027285259185,-0.038632763889703436,-0.03690982863774559
2014-05-25,0.8547406645510393,-1.0126757793006453,2.1145689658747675,-0.02906356760614341
2014-05-26,0.6675388494473357,-0.37221620313855514,-0.6039521369552787,-0.019790713659704473
2014-05-27,0.9057957050338675,-0.6298723544681316,-0.964204678614714,-0.03334334635065369
2014-05-28,1.1440525606203995,-0.9390597360636234,-0.6538332581081235,-0.053315647158368326
2014-05-29,1.3652910693793219,-1.1967158873931998,-0.5540710158024338,-0.06401509401964403
2014-05-30,1.0759791733099617,-0.9390597360636234,1.0393536876912222,-0.06289419958655809
2014-05-31,1.2801993352412748,-1.2629703263065195,-0.09128505843992855,-0.06258850110480726
2014-06-01,1.0249241328271335,-1.5427112906072027,2.0619166713245423,-0.04190290383967425
2014-06-02,1.0249241328271335,-1.1230998441561781,-0.5014187212522087,-0.04190290383967425
2014-06-03,1.3142360288964936,-1.5795193122257134,-0.09128505843992836,-0.06044861173255212
2014-06-04,1.3652910693793219,-1.6089657295205222,0.06390065181336668,-0.07114805859382782
2014-06-05,1.5865295781382445,-1.9770459457056315,0.3687297255251965,-0.0825608019125219
2014-06-06,1.6716213122762915,-1.9328763197634184,0.7317534405820119,-0.0896937664867057
2014-06-07,1.8077680868971668,-2.2199788883878036,1.3940638825558969,-0.09468684168863437
2014-06-08,1.6886396591039008,-2.0138539673241422,-0.03863276388970324,-0.09967991689056302
2014-06-09,1.7226763527591198,-1.6678585641101398,-0.19381847414299846,-0.09967991689056302
2014-06-10,1.6375846186210727,-2.3304029532433366,1.1391159299969118,-0.09040706294412408
2014-06-11,1.6886396591039008,-2.197894075416697,1.7543164242153322,-0.08541398774219543
2014-06-12,1.041942479654743,-1.2482471176591152,3.8631793796217186,-0.07756772671059324
2014-06-13,0.684557196274945,-0.31332336854893766,2.1644500870276127,-0.07400124442350134
2014-06-14,0.7185938899301639,0.3786674378790677,-0.09128505843992836,-0.0754278373383381
2014-06-15,1.1780892542756183,-0.49736347664149233,0.2661963098221264,-0.07685443025317486
2014-06-16,1.5184561908278067,-1.1230998441561781,0.8841679774379269,-0.08541398774219543
2014-06-17,1.5865295781382445,-1.0789302182139648,2.009264376774317,-0.09397354523121598
2014-06-18,1.1780892542756183,-0.14400646910378742,0.7816345617348571,-0.0932602487737976
2014-06-19,1.4333644566897596,-0.7402964193236644,0.8841679774379269,-0.09896662043314464
2014-06-20,1.739694699586729,-1.43228722575167,2.4221692129839774,-0.10966606729442034
2014-06-21,1.5865295781382445,-1.1967158873931998,0.6292200248789422,-0.09540013814605273
2014-06-22,1.2631809884136653,-0.806550858236984,-0.5540710158024338,-0.08113420899768514
2014-06-23,0.9398323986890864,-0.6298723544681316,-0.04140393728708355,-0.08184750545510353
2014-06-24,1.0589608264823522,-0.8359972755317928,0.7289822671846318,-0.0861272841996138
2014-06-25,0.9568507455166958,-0.42374743340447046,1.396835055953277,-0.07400124442350134
2014-06-26,0.9908874391719147,-0.004135986953445909,-0.811790141758799,-0.054742240073205085
2014-06-27,1.2972176820688843,-0.7034883977051535,0.5737965569313368,-0.051175757786113184
2014-06-28,1.3142360288964936,-0.6740419804103448,-0.2464707686932238,-0.06401509401964403
2014-06-29,1.0589608264823522,-0.1587296777511918,0.6236776780841816,-0.07328794796608297
2014-06-30,0.9228140518614769,0.43019866814498303,-0.8090189683614187,-0.07471454088091972
2014-07-01,0.8377223177234299,0.2756049773472371,-0.14393735299015367,-0.05545553653062347
2014-07-02,0.5824471153092886,0.6436851935323463,-0.2464707686932234,-0.05402894361578671
2014-07-03,0.49735538117124145,0.8645333232434119,-0.40165647894651885,-0.07023096314857469
2014-07-04,0.8396132451487198,0.5038147113820048,-0.5688506072551287,-0.06742306598286489
2014-07-05,1.2912112067179629,-0.4938991922538676,0.510711609590974,-0.056420584678895165
2014-07-06,0.7356122367577733,0.0400336389887672,-0.7064855526583488,-0.057595425902878604
2014-07-07,1.1951076011032278,-0.6887651890577491,-0.2963518898460686,-0.07043476213640944
2014-07-08,1.331254375724103,-1.2335239090117107,0.6264488514815617,-0.07828102316801162
2014-07-09,1.4674011503449784,-1.3733943911620523,1.496597298258967,-0.08042091254026676
2014-07-10,1.484419497172588,-1.277693534953924,0.9839302197436168,-0.07828102316801162
2014-07-11,1.5524928844830255,-1.2850551392776262,0.4186108466780413,-0.0825608019125219
2014-07-12,1.450382803517369,-0.5341714982600032,-0.3462330109989134,-0.08327409836994028
2014-07-13,0.8717590113786488,0.5479843373242179,-0.19381847414299846,-0.0718613550512462
2014-07-14,0.9738690923443052,0.4375602724686852,-0.038632763889703436,-0.07685443025317486
2014-07-15,1.0759791733099617,0.12837289087319342,0.4269243668701825,-0.08327409836994028
2014-07-16,1.007905785999524,0.1504577038443,0.7871769085296173,-0.07614113379575649
2014-07-17,0.7526305835853828,0.8130020929774966,-0.03863276388970324,-0.0825608019125219
2014-07-18,0.27611687241231897,1.3798456259025649,-0.964204678614714,-0.0896937664867057
2014-07-19,0.6335021557921168,0.6216003805612398,-0.14393735299015367,-0.08826717357186895
2014-07-20,0.7696489304129922,0.4964531070583027,-0.14116617959277356,-0.07899431962543
2014-07-21,0.9398323986890864,0.2976897903183437,-0.49864754785482834,-0.08327409836994028
2014-07-22,0.8717590113786488,0.5479843373242179,0.06112947841598637,-0.07756772671059324
2014-07-23,0.7356122367577733,0.7320244454167726,0.2689674832195069,-0.07328794796608297
2014-07-24,0.7185938899301639,0.1872657254628109,1.1391159299969118,-0.06778537529457067
2014-07-25,0.7526305835853828,0.16518091249170436,0.679101146031787,-0.056168832988041845
2014-07-26,0.9908874391719147,0.062118451959873755,0.06112947841598637,-0.049749164871276425
2014-07-27,0.8839149733983699,0.29348315927622826,-0.14393735299015367,-0.049749164871276425
2014-07-28,0.6505205026197263,0.9013413448619229,2.4720503341368225,-0.06401509401964403
2014-07-29,0.684557196274945,0.5553459416479202,-0.2464707686932236,-0.0647283904770624
2014-07-30,0.9057957050338675,0.31241299896574803,-0.6039521369552785,-0.06289419958655809
2014-07-31,0.9908874391719147,0.31241299896574803,0.1165529463635918,-0.06258850110480726
2014-08-01,1.0929975201375712,-0.05566721721936121,-0.08851388504254805,-0.0718613550512462
2014-08-02,0.6675388494473357,1.019127014041158,-1.3244572202741494,-0.07685443025317486
2014-08-03,0.8547406645510393,0.34185941626055677,-0.2464707686932236,-0.08684058065703218
2014-08-04,0.7185938899301639,0.5479843373242179,-0.39888530554913854,-0.0825608019125219
2014-08-05,0.6164838089645074,1.0044038053937534,-1.1193903888680092,-0.07471454088091972
2014-08-06,0.9398323986890864,0.26824337302353496,-0.2963518898460686,-0.07828102316801162
2014-08-07,0.803685624068211,0.2903281859946415,0.011248357263141369,-0.07756772671059324
2014-08-08,0.7866672772406016,0.4375602724686852,-0.19658964754037858,-0.06972146567899107
2014-08-09,0.5464082632037621,1.1793501669687936,-0.054607763474601514,-0.05104988194068653
2014-08-10,0.4463003406884132,1.7350430345211953,-0.3711735715753358,-0.04814424784208507
2014-08-11,0.803685624068211,0.6878548194745595,-0.8616712629116439,-0.061161908189970506
2014-08-12,0.9398323986890864,-0.17345288639859616,0.31884860437235174,-0.06758157630673592
2014-08-13,0.9398323986890864,-0.1608329932722491,3.0872508283552427,-0.07043476213640944
2014-08-14,0.7015755431025545,-0.17345288639859616,2.5745837498398925,-0.0754278373383381
2014-08-15,0.803685624068211,-0.32804657719634206,1.7044353030624875,-0.06686827984931755
2014-08-16,0.7088691203143869,-0.03463406200878413,0.32161977776973183,-0.04618268258418453
2014-08-17,0.8377223177234299,-0.38693941178595953,0.06390065181336668,-0.04190290383967425
2014-08-18,0.9057957050338675,-0.22498411666451146,-0.2963518898460686,-0.02977686406356179
2014-08-19,1.0589608264823522,-0.472123690388799,-0.0030033916376712086,-0.03273194938715269
2014-08-20,1.0929975201375712,-0.7844660452658775,0.4186108466780413,-0.046895979041602906
2014-08-21,0.9908874391719147,-1.0273989879480496,0.8841679774379269,-0.053315647158368326
2014-08-22,1.0589608264823522,-0.7844660452658775,0.3687297255251965,-0.04414469270584676
2014-08-23,1.0759791733099617,-0.8654436928266016,0.5239154357784915,-0.04190290383967425
2014-08-24,1.0759791733099617,-0.8359972755317928,0.9867013931409969,-0.04404279321192939
2014-08-25,1.1780892542756183,-0.8139124625606863,0.2163151886692814,-0.046895979041602906
2014-08-26,1.212125947930837,-1.1893542830694976,0.679101146031787,-0.05260235070094995
2014-08-27,1.1756580618716737,-0.9264398429372763,0.26896748321950653,-0.05402894361578671
2014-08-28,0.599465462136898,0.43019866814498303,-0.03863276388970324,-0.03904971801000073
2014-08-29,0.7015755431025545,0.5185379200294092,-0.709256726055729,-0.040476310924837486
2014-08-30,0.4633186875160226,1.0412118270122643,-0.606723310352659,-0.04546938612676615
2014-08-31,0.32717191289514724,1.512354503729204,-0.5512998424050536,-0.053315647158368326
2014-09-01,0.5727223456935115,0.3187229455289216,1.9095021344686272,-0.05402894361578671
2014-09-02,0.5484104216540697,0.6216003805612398,0.7816345617348571,-0.049749164871276425
2014-09-03,0.4633186875160226,1.02648861836486,1.804197545368177,-0.05229665221919912
2014-09-04,0.3612086065503661,1.1958055178100102,0.5266866091758721,-0.05830872236029699
2014-09-05,0.17400679144666245,1.4902696907580977,0.31884860437235135,-0.05963341578121637
2014-09-06,0.4463003406884132,0.9675957837752425,-1.066738094317784,-0.046895979041602906
2014-09-07,0.7866672772406016,0.42283706382128083,-1.2191526311736989,-0.04190290383967425
2014-09-08,0.8207039708958205,0.34922102058425897,-0.7591378472085739,-0.04261620029709263
2014-09-09,0.7866672772406016,0.5700691502953246,-1.1193903888680092,-0.046895979041602906
2014-09-10,0.480337034343632,1.0044038053937534,-0.4487664267019835,-0.04190290383967425
2014-09-11,0.18373156106243949,1.4881663752370395,2.4221692129839774,-0.02865596963047586
2014-09-12,0.4463003406884132,0.7393860497404747,-1.1692715100208542,-0.03120345697839855
2014-09-13,0.5654287684816791,0.45964508543979177,-0.606723310352659,-0.03762312509516397
2014-09-14,0.5313920748264603,0.2976897903183437,-0.04140393728708335,-0.03619653218032721
2014-09-15,0.599465462136898,0.15781930816800216,-0.04140393728708355,-0.03619653218032721
2014-09-16,0.7356122367577733,0.2756049773472371,-0.14393735299015367,-0.04760927549902129
2014-09-17,0.7356122367577733,0.0842032649309803,0.11101059956883137,-0.048322571956439665
2014-09-18,0.7185938899301639,0.11364968222578906,-0.04140393728708355,-0.03833642155258235
2014-09-19,0.7866672772406016,-0.22498411666451146,-0.6039521369552785,-0.040476310924837486
2014-09-20,0.803685624068211,-0.27651534693042673,-0.5540710158024338,-0.04404279321192939
2014-09-21,0.7185938899301639,-0.32804657719634206,-0.2963518898460686,-0.03976301446741911
2014-09-22,0.7356122367577733,-0.6151491458207272,1.449487350503502,-0.03476993926549045
2014-09-23,0.7866672772406016,-0.7918276495895797,5.2733107569743645,-0.03599273319249246
2014-09-24,0.599465462136898,-0.4384706420518748,0.2661963098221264,-0.02478378886163313
2014-09-25,0.6505205026197263,-0.4679170593466836,0.6264488514815617,-0.016224231372612575
2014-09-26,0.6505205026197263,-0.4679170593466836,-0.2464707686932238,-0.014084342000357434
2014-09-27,0.7185938899301639,-0.7991892539132819,0.42138202007542147,-0.007664673883592015
2014-09-28,0.684557196274945,-0.6814035847340469,0.06112947841598637,-0.005524784511336876
2014-09-29,0.7185938899301639,-0.6887651890577491,0.11378177296621149,-0.008377970341010395
2014-09-30,0.7356122367577733,-0.6077875414970251,-0.04140393728708335,-0.005524784511336876
2014-10-01,0.7088691203143869,-0.4468839041361065,-0.8264377725735232,-0.0009393072850757696
2014-10-02,0.7015755431025545,-0.41638582908076827,-0.9115523840644889,-0.008377970341010395
2014-10-03,0.7185938899301639,-0.4605554550229814,-1.1193903888680092,-0.014797638457775814
2014-10-04,0.7866672772406016,-0.40902422475706607,-1.5295240516802893,-0.011944452628102294
2014-10-05,0.7356122367577733,-0.2544305339593202,-1.5295240516802893,-0.0012450057668265966
2014-10-06,0.7356122367577733,-0.2176225123408093,-1.5295240516802893,-0.0026715986816633563
2014-10-07,0.7866672772406016,-0.06302882154306338,-1.2718049257239241,-0.012657749085520675
2014-10-08,0.480337034343632,-0.4531938506992792,-0.7064855526583488,-0.004098191596500116
2014-10-09,0.32717191289514724,-0.6225107501444295,-0.811790141758799,-0.0026715986816633563
2014-10-10,0.2590985255847096,-0.18081449072229835,-0.811790141758799,-0.010517859713265534
2014-10-11,0.06703432567311768,-0.19448604160917365,0.008477183865761254,-0.013371045542939055
2014-10-12,0.10593340413622478,-0.1071984474852765,-1.4269906359772193,-0.012657749085520675
2014-10-13,0.32717191289514724,-0.04094400857195683,0.42138202007542147,-0.004098191596500116
2014-10-14,-0.09828675779508826,0.42283706382128083,-0.3490041843962935,0.0016081800628469228
2014-10-15,-0.09828675779508826,0.44492187679238737,-0.8062477949640384,0.01587410921121452
2014-10-16,-0.3025069197264013,-0.09247523883787213,-0.4515376000993636,0.01944059149830642
2014-10-17,-0.030213370484650583,-0.7525657598631686,4.015593916477633,0.01730070212605128
2014-10-18,-0.16636014510552594,-0.2533788761987911,3.192555417455693,0.013020923381541
2014-10-19,-0.2003968387607448,-0.1587296777511918,-0.606723310352659,0.011594330466704241
2014-10-20,-0.06425006413986942,-0.28387695125412893,-0.5540710158024338,0.01444751629637776
2014-10-21,0.054878363653396524,-0.2544305339593202,-1.066738094317784,0.02300707378539832
2014-10-22,0.07189671048100595,0.26088176869983276,-1.4269906359772193,0.02229377732797994
2014-10-23,0.003823323170568259,0.32713620761315243,-1.3244572202741494,0.01230762692412262
2014-10-24,0.0378600168257871,0.41547545949757864,-1.1193903888680092,0.006601255264775582
2014-10-25,0.003823323170568259,0.3933906465264721,-1.3244572202741494,0.010167737551867482
2014-10-26,-0.013195023657041161,0.2976897903183437,-1.066738094317784,0.024433666700235078
2014-10-27,-0.04723171731226,0.1430960995205978,-1.116619215470629,0.01801399858346966
2014-10-28,-0.013195023657041161,0.25352016437613056,-0.9614335052173337,0.008027848179612341
2014-10-29,-0.06425006413986942,0.31241299896574803,-1.1692715100208542,0.008741144637030721
2014-10-30,-0.18337849193313538,0.05475684763617157,-1.1193903888680092,0.02229377732797994
2014-10-31,-0.25145187924357304,-0.12928326045638305,-0.7064855526583488,0.01730070212605128
2014-11-01,-0.370580307036839,-0.563617915554812,-0.3490041843962935,0.0201538879557248
2014-11-02,-0.31952526655401076,-0.6666803760866425,0.06390065181336668,0.02229377732797994
2014-11-03,-0.25145187924357304,-0.4531938506992792,-0.606723310352659,0.0165874056686329
2014-11-04,-0.2174151855883542,-0.22498411666451146,-0.6566044315055038,0.008741144637030721
2014-11-05,-0.33654361338162014,-0.24706892963561802,-0.504189894649589,0.010167737551867482
2014-11-06,-0.3025069197264013,-0.24706892963561802,-0.14393735299015367,0.005887958807357202
2014-11-07,-0.16636014510552594,0.3344978119368546,-1.016856973164939,0.013020923381541
2014-11-08,-0.18337849193313538,0.34185941626055677,-1.1692715100208542,0.02300707378539832
2014-11-09,-0.14934179827791652,-0.23970732531191583,-0.606723310352659,0.025860259615071837
2014-11-10,-0.5237454284853238,-0.49000187231779013,-0.7591378472085738,0.01944059149830642
2014-11-11,-0.8130573245546839,-0.31332336854893766,-1.0140857997675587,0.0237203702428167
2014-11-12,-0.7620022840718557,-0.49736347664149233,-1.016856973164939,0.03014003835958212
2014-11-13,-0.9151674055203405,-0.5857027285259185,-0.811790141758799,0.03370652064667402
2014-11-14,-0.9321857523479499,-1.0273989879480496,0.11378177296621149,0.032993224189255634
2014-11-15,-0.898149058692731,-0.9243365274162191,-0.914323557461869,0.024433666700235078
2014-11-16,-0.9492040991755593,-0.7550196279710688,-0.964204678614714,0.027286852529908596
2014-11-17,-1.017277486485997,-0.5120866852888967,-0.914323557461869,0.031566631274418874
2014-11-18,-1.0342958333136063,-0.4384706420518748,-1.066738094317784,0.041552781678276196
2014-11-19,-1.0513141801412158,-0.13664486478008525,-1.2718049257239241,0.03370652064667402
2014-11-20,-0.6598922031061991,-0.3427697858437464,-0.8589000895142636,0.01587410921121452
2014-11-21,-0.9492040991755593,0.09892647357838469,-0.811790141758799,0.01230762692412262
2014-11-22,-0.7279655904166368,-0.09247523883787213,-1.1692715100208542,0.004461365892520442
2014-11-23,-1.102369220624044,-0.18081449072229835,-1.2219238045710792,0.02300707378539832
2014-11-24,-1.1364059142792629,-0.48264026799408793,-0.6039521369552785,0.030853334817000498
2014-11-25,-1.1874609547620911,-0.5268098939363011,-0.964204678614714,0.024433666700235078
2014-11-26,-0.7620022840718557,-0.5562563112311097,-0.29912306324344873,-0.004098191596500116
2014-11-27,-0.9662224460031688,0.20198893411021526,-1.5295240516802893,0.006601255264775582
2014-11-28,-0.7960389777270745,0.40811385517387644,-1.5295240516802893,0.010881034009285862
2014-11-29,-0.6769105499338086,0.42283706382128083,-1.5295240516802893,0.010167737551867482
2014-11-30,-0.7449839372442463,-0.33540818152004426,-0.964204678614714,0.01944059149830642
2014-12-01,-0.7109472435890274,-1.0494838009191563,0.42138202007542147,0.01801399858346966
2014-12-02,-0.5237454284853238,-0.7550196279710688,0.2163151886692818,0.01230762692412262
2014-12-03,-0.030213370484650583,0.36078925595007655,0.9914519761079343,-0.020504010117122853
2014-12-04,-0.5407637753129332,0.4964531070583027,-0.4515376000993636,-0.0012450057668265966
2014-12-05,-1.017277486485997,-0.03358240424825465,-0.964204678614714,0.03727300293376592
2014-12-06,-0.9492040991755593,-0.6814035847340469,-0.45153760009936383,0.032993224189255634
2014-12-07,-1.0853508737964346,-0.7108500020288556,-0.4515376000993636,0.0237203702428167
2014-12-08,-1.1193875674516536,-0.6225107501444295,-0.914323557461869,0.025146963157653458
2014-12-09,-1.3527820382302969,0.4196820905396941,-1.5295240516802893,0.035744510525011784
2014-12-10,-0.5067270816577144,0.2976897903183437,-0.45153760009936383,-0.0005317093094082166
2014-12-11,-0.7620022840718557,0.5921539632664311,-0.8090189683614187,0.005887958807357202
2014-12-12,-1.0513141801412158,0.30505139464204584,-1.4269906359772193,0.02158048087056156
2014-12-13,-1.255534342072529,0.6731316108271551,0.42138202007542186,0.031566631274418874
2014-12-14,-1.1364059142792629,1.541800921024013,-0.6538332581081235,0.02229377732797994
2014-12-15,-1.1704426079344818,0.9013413448619229,-1.0140857997675587,0.031566631274418874
2014-12-16,-1.017277486485997,0.7025780281219639,0.116552946363592,0.03869959584860268
2014-12-17,-1.6809930127627644,0.6878548194745595,-0.09128505843992855,0.05510541436922541
2014-12-18,-1.8341581342112492,1.1369126832203929,-0.8616712629116439,0.06152508248599083
2014-12-19,-1.8341581342112492,1.2546983523996278,-1.4269906359772193,0.06580486123050111
2014-12-20,-1.902231521521687,0.9749573880989447,-0.24369959529584329,0.04654585688020486
2014-12-21,-2.140488377108219,1.100104661601882,-1.3244572202741494,0.04226607813569457
2014-12-22,-2.1575067239358283,1.4461000648158846,-1.2219238045710792,0.03727300293376592
2014-12-23,-2.1234700302806093,1.0706582443070731,-1.1692715100208542,0.041552781678276196
2014-12-24,-2.0894333366253903,1.3283143956366497,-0.7591378472085738,0.06081178602857245
2014-12-25,-2.1745250707634374,1.2178903307811169,0.2661963098221268,0.054392117911807036
2014-12-26,-1.9703049088321245,0.9749573880989447,0.1636628941190565,0.04083948522085781
2014-12-27,-2.0213599493149528,0.5038147113820048,-0.914323557461869,0.045832560422786474
2014-12-28,-2.2085617644186564,1.504992899405502,-1.374338341426994,0.052252228539551894
2014-12-29,-1.9192498683492962,0.7173012367693682,-1.2219238045710792,0.037986299391184294
2014-12-30,-1.8511764810388587,0.5995155675901332,-0.964204678614714,0.02300707378539832
2014-12-31,-1.7490664000732021,0.3933906465264721,-0.9115523840644889,0.03584641001892916
2015-01-01,-1.425717810348623,0.6804932151508573,-1.3244572202741494,0.039412892306021054
2015-01-02,-1.4086994635210137,2.130729266920188,-0.8616712629116439,0.041552781678276196
2015-01-03,-1.3746627698657947,1.858349906943207,-1.3244572202741494,0.03869959584860268
2015-01-04,-1.5108095444866703,1.0780198486307753,0.579338903726097,0.05153893208213351
2015-01-05,-1.5278278913142795,0.5258995243531114,1.8069687187655574,0.030853334817000498
2015-01-06,-1.8001214405560304,1.144274287544095,-0.5540710158024338,0.02800014898732698
2015-01-07,-2.1234700302806093,1.504992899405502,-0.6566044315055038,0.0344198171040924
2015-01-08,-2.0724149897977813,1.6154169642610348,-0.7563666738111937,0.04868574625245999
2015-01-09,-1.987323255659734,1.188443913486308,-1.1692715100208542,0.054392117911807036
2015-01-10,-1.9192498683492962,0.746747654064177,-0.5512998424050535,0.04725915333762323
2015-01-11,-1.9362682151769057,1.1958055178100102,-0.45153760009936383,0.04868574625245999
2015-01-12,-1.987323255659734,1.1221894745729883,-1.3244572202741494,0.050825635624715135
2015-01-13,-1.7660847469008114,1.02648861836486,-0.4487664267019835,0.03727300293376592
2015-01-14,-1.8001214405560304,1.2841447696944366,-0.39888530554913854,0.039412892306021054
2015-01-15,-1.7490664000732021,1.100104661601882,-1.3244572202741494,0.05011233916729675
2015-01-16,-1.6639746659351549,1.0412118270122643,-0.5014187212522087,0.049399042709878375
2015-01-17,-1.5959012786247173,0.9528725751278382,-1.116619215470629,0.049399042709878375
2015-01-18,-1.6639746659351549,0.79091728000639,-0.9642046786147138,0.04654585688020486
2015-01-19,-1.5618645849694985,1.0338502226885622,-1.1193903888680092,0.04725915333762323
2015-01-20,-1.6129196254523266,0.8203636973011988,0.06390065181336668,0.05367882145438865
2015-01-21,-1.629937972279936,0.7614708627115814,-0.709256726055729,0.05938519311373569
2015-01-22,-1.7150297064179831,1.983497180446144,-0.811790141758799,0.057245303741480555
2015-01-23,-1.4427361571762325,1.4461000648158846,-1.2718049257239241,0.05367882145438865
2015-01-24,-1.7490664000732021,1.5197161080529065,0.6292200248789422,0.05795860019889893
2015-01-25,-1.629937972279936,1.019127014041158,-0.606723310352659,0.055818710826643796
2015-01-26,-1.5618645849694985,1.6301401729084393,-1.3244572202741494,0.05296552499697027
2015-01-27,-1.629937972279936,0.8130020929774966,-0.3462330109989134,0.04987457368149084
2015-01-28,-1.8390205190191378,0.3860290422027699,4.628023237298673,0.04369267105053133
2015-01-29,-1.868194827866468,0.41547545949757864,-0.6566044315055038,0.052252228539551894
2015-01-30,-1.6980113595903739,-0.2544305339593202,1.1391159299969118,0.055818710826643796
2015-01-31,-1.5618645849694985,-0.166091282074894,0.4712631412282666,0.041552781678276196
2015-02-01,-1.3916811166934042,0.2829665816709393,-0.39888530554913854,0.04083948522085781
2015-02-02,-1.0683325269688253,0.20198893411021526,1.089234808844067,0.039412892306021054
2015-02-03,-1.1534242611068724,0.6363235892086442,0.06112947841598677,0.05653200728406217
2015-02-04,-1.4427361571762325,1.2178903307811169,0.5211442623811114,0.06509156477308273
2015-02-05,-1.4427361571762325,0.1430960995205978,0.11101059956883098,0.049399042709878375
2015-02-06,-1.3746627698657947,0.12837289087319342,-0.8616712629116439,0.047972449795041616
2015-02-07,-1.2725526889001382,0.42283706382128083,-1.1193903888680092,0.036559706476347535
2015-02-08,-1.1704426079344818,0.20198893411021526,-0.5512998424050535,0.03869959584860268
2015-02-09,-1.1364059142792629,0.17990412113910872,-0.2991230632434489,0.052252228539551894
2015-02-10,-1.2895710357277477,0.20935053843391746,-0.504189894649589,0.052252228539551894
2015-02-11,-1.255534342072529,0.36394422923166336,-1.1193903888680092,0.03727300293376592
2015-02-12,-1.3236077293829664,0.5406227330005158,-0.19381847414299846,0.031566631274418874
2015-02-13,-1.0853508737964346,-0.08511363451416995,-0.038632763889703436,0.011594330466704241
2015-02-14,-0.7960389777270745,0.15781930816800216,-0.606723310352659,-0.005524784511336876
2015-02-15,-0.8641123650375122,0.5700691502953246,-1.2219238045710792,0.011594330466704241
2015-02-16,-0.6258555094509803,0.6363235892086442,0.7816345617348571,0.01730070212605128
2015-02-17,-0.5553509297365985,0.7141462634877814,-0.41472058210559715,0.007212652228276587
2015-02-18,-0.5407637753129332,0.7320244454167726,-0.39888530554913854,0.006601255264775582
2015-02-19,-0.33654361338162014,0.7688324670352835,0.1664340675164368,0.008027848179612341
2015-02-20,-0.33654361338162014,0.3933906465264721,0.06390065181336688,0.01872729504088804
2015-02-21,-0.4556720411748861,0.17990412113910872,0.9839302197436168,0.0201538879557248
2015-02-22,-0.4192041551157231,-0.0935268965984016,1.7543164242153317,0.01587410921121452
2015-02-23,-0.5067270816577144,0.8203636973011988,-0.8589000895142636,0.02086718441314318
2015-02-24,-0.31952526655401076,0.7025780281219639,-0.19104730074561835,0.00018158714801016322
2015-02-25,-0.28548857289879187,-0.1071984474852765,-0.08851388504254824,-0.011944452628102294
2015-02-26,-0.7109472435890274,-1.5353496862835003,-0.04140393728708355,-0.004098191596500116
2015-02-27,-0.8130573245546839,-1.0200373836243475,-0.24369959529584329,0.01373421983895938
2015-02-28,-0.5407637753129332,-0.8801669014740059,0.011248357263141762,0.01373421983895938
2015-03-01,-1.0683325269688253,1.90251953288542,1.7543164242153322,0.0030347729776836825
2015-03-02,-1.0513141801412158,1.7332026334402697,-0.038632763889703436,0.010881034009285862
2015-03-03,-1.2214976484173101,1.2988679783418409,-0.2963518898460686,0.01801399858346966
2015-03-04,-1.1534242611068724,0.5185379200294092,-0.04140393728708355,0.01944059149830642
2015-03-05,-0.8811307118651216,0.20935053843391746,-0.709256726055729,0.02942674190216374
2015-03-06,-0.7109472435890274,0.11364968222578906,-0.40165647894651885,0.032993224189255634
2015-03-07,-0.9321857523479499,1.1737207048389038,-0.6039521369552787,0.01781019959563491
2015-03-08,-0.779020630899465,0.8056404886537945,0.2190863620666619,0.027286852529908596
2015-03-09,-0.9662224460031688,-0.364854598814853,1.1889970511497567,0.05938519311373569
2015-03-10,-1.017277486485997,0.4743682940871961,0.3687297255251965,0.04868574625245999
2015-03-11,-0.9492040991755593,0.5553459416479202,-0.19381847414299846,0.042979374593112955
2015-03-12,-0.6428738562785897,0.17254251681540653,-0.3490041843962935,0.036559706476347535
2015-03-13,-0.5237454284853238,0.2829665816709393,-0.6039521369552785,0.0237203702428167
2015-03-14,-0.5067270816577144,0.2461585600524284,0.2163151886692816,0.025860259615071837
2015-03-15,-1.0342958333136063,1.6890330074980566,1.0365825142938419,0.02800014898732698
2015-03-16,-0.730396782820581,1.2610082989628013,0.3687297255251965,0.03869959584860268
2015-03-17,-0.5918188157957615,0.5847923589427289,1.396835055953277,0.03014003835958212
2015-03-18,-0.6769105499338086,0.5406227330005158,1.1889970511497567,0.0165874056686329
2015-03-19,-0.5577821221405426,0.32713620761315243,-0.3462330109989134,0.024433666700235078
2015-03-20,-0.370580307036839,0.31241299896574803,0.4712631412282666,0.024433666700235078
2015-03-21,-0.04723171731226,0.003225617370256276,-0.2464707686932238,0.024433666700235078
2015-03-22,-0.013195023657041161,0.20935053843391746,0.7317534405820119,0.008027848179612341
2015-03-23,-0.06425006413986942,0.31241299896574803,0.1636628941190563,-0.0033848951390817363
2015-03-24,0.07189671048100595,0.2976897903183437,-1.2219238045710792,-0.001958302224244976
2015-03-25,0.1910251382742719,0.30505139464204584,-0.964204678614714,0.007212652228276587
2015-03-26,0.4463003406884132,-0.3574929944911508,0.5239154357784915,0.01373421983895938
2015-03-27,0.2931352192399284,-0.5341714982600032,0.1664340675164368,0.008027848179612341
2015-03-28,0.24208017875710014,-0.4016626204333639,-0.7064855526583488,-0.005524784511336876
2015-03-29,-0.030213370484650583,-0.4531938506992792,1.3940638825558969,-0.011231156170683914
2015-03-30,-0.23443353241596362,0.34185941626055677,1.7543164242153322,-0.0012450057668265966
2015-03-31,0.003823323170568259,0.26088176869983276,-0.709256726055729,-0.0025696991877459815
2015-04-01,0.16428202183088544,-0.04304732409301412,-0.04140393728708355,-0.017650824287449334
2015-04-02,0.47547464953574375,-0.8927867946003526,0.7262110937872517,-0.03405664280807207
2015-04-03,-0.09828675779508826,0.628961984884942,0.014019530660521876,-0.03334334635065369
2015-04-04,-0.5748004689681521,1.0044038053937534,-1.2219238045710792,-0.03049016052098017
2015-04-05,-0.22470876280018662,0.4280953526239249,2.372288091831133,-0.016224231372612575
2015-04-06,-0.030213370484650583,-0.018859195600850278,-0.914323557461869,-0.016224231372612575
2015-04-07,-0.2003968387607448,0.09892647357838469,0.6292200248789422,-0.001958302224244976
2015-04-08,0.054878363653396524,-0.5930643328496207,-0.04140393728708335,0.008027848179612341
2015-04-09,0.10593340413622478,-0.445832246375577,0.47403431462564677,-0.0005317093094082166
2015-04-10,0.2590985255847096,-0.48264026799408793,-0.14393735299015367,-0.011944452628102294
2015-04-11,0.41226364703319435,-0.9169749230925168,0.2661963098221264,-0.012657749085520675
2015-04-12,-0.11530510462269769,0.1504577038443,-0.3490041843962937,0.010167737551867482
2015-04-13,-0.06425006413986942,0.6142387762375376,0.011248357263141762,0.01801399858346966
2015-04-14,0.13997009779144362,0.1357344951968956,-0.8616712629116439,0.01230762692412262
2015-04-15,0.32717191289514724,-0.07039042586676557,-0.2464707686932236,0.013020923381541
2015-04-16,0.003823323170568259,-0.12928326045638305,0.2689674832195069,0.01872729504088804
2015-04-17,0.39524530020558496,-0.6887651890577491,0.31884860437235174,-0.019790713659704473
2015-04-18,0.6675388494473357,-0.9390597360636234,-0.2963518898460684,-0.046895979041602906
2015-04-19,0.9398323986890864,-1.1451846571272846,-0.6039521369552787,-0.03833642155258235
2015-04-20,1.041942479654743,-1.3292247652198392,0.06390065181336668,-0.027636974691306652
2015-04-21,0.8887773582062581,-1.881345089497503,0.934049098590772,-0.028350271148725032
2015-04-22,0.7526305835853828,-1.7782826289656726,0.9867013931409966,-0.04261620029709263
2015-04-23,0.7526305835853828,-1.6163273338442243,0.2661963098221264,-0.03762312509516397
2015-04-24,0.803685624068211,-1.2335239090117107,-0.9642046786147138,-0.03548323572290883
2015-04-25,0.7185938899301639,-1.0200373836243475,1.3469539348004322,-0.026923678233888273
2015-04-26,0.480337034343632,-0.5488947069074076,1.9593832556214725,-0.014797638457775814
2015-04-27,0.6675388494473357,-0.4384706420518748,2.369516918433752,-0.021930603031959612
2015-04-28,0.7866672772406016,-0.7182116063525579,1.244420519097362,-0.03476993926549045
2015-04-29,0.8207039708958205,-0.7771044409421753,0.4712631412282666,-0.03191675343581693
2015-04-30,1.007905785999524,-0.9243365274162191,1.8069687187655574,-0.03762312509516397
2015-05-01,0.8207039708958205,-0.997952570653241,-0.3462330109989134,-0.026923678233888273
2015-05-02,0.6675388494473357,-1.1893542830694976,-0.5540710158024338,-0.02478378886163313
2015-05-03,0.7866672772406016,-1.2482471176591152,-0.8616712629116439,-0.02264389948937799
2015-05-04,0.7696489304129922,-1.2482471176591152,-0.6566044315055038,-0.02264389948937799
2015-05-05,0.9398323986890864,-1.7267513986997571,0.1664340675164364,-0.03833642155258235
2015-05-06,1.212125947930837,-2.264148514330017,0.9894725665383775,-0.049749164871276425
2015-05-07,1.3896029934187641,-2.7689442393838806,1.871893352647038,-0.040068712949169936
2015-05-08,1.212125947930837,-2.24206370135891,1.1917682245471373,-0.04190290383967425
2015-05-09,1.3482727225517124,-1.9696843413819294,0.31884860437235174,-0.051175757786113184
2015-05-10,1.3482727225517124,-2.087470010561164,0.014019530660521876,-0.05260235070094995
2015-05-11,1.1951076011032278,-1.638412146815331,0.8841679774379269,-0.03976301446741911
2015-05-12,1.0759791733099617,-0.8507204841791972,-0.19104730074561815,-0.03263004989323531
2015-05-13,0.3441902597227567,0.03267203466506502,-0.04140393728708355,-0.025497085319051514
2015-05-14,0.599465462136898,-0.6372339587918339,-0.5512998424050536,-0.019077417202286093
2015-05-15,0.4463003406884132,-0.49000187231779013,0.061129478415986566,-0.02335719594679637
2015-05-16,0.6505205026197263,-0.5194482896125988,-0.606723310352659,-0.04190290383967425
2015-05-17,1.0929975201375712,-1.1819926787457955,0.32161977776973183,-0.05402894361578671
2015-05-18,1.3823094162069314,-1.4543720387227763,-0.2963518898460684,-0.06044861173255212
2015-05-19,0.8547406645510393,-0.9685061533584322,1.7543164242153326,-0.048322571956439665
2015-05-20,1.0759791733099617,-1.6973049814049486,1.7072064764598676,-0.04903586841385805
2015-05-21,1.4163461098621501,-2.109554823532271,0.9839302197436168,-0.05830872236029699
2015-05-22,1.5014378440001972,-2.4113806008040606,1.244420519097362,-0.07114805859382782
2015-05-23,1.654602965448682,-2.278871722977421,1.2915304668528267,-0.0825608019125219
2015-05-24,1.4674011503449784,-1.83717546355529,-0.39888530554913854,-0.0754278373383381
2015-05-25,1.7056580059315103,-2.2494253056826126,0.8813968040405468,-0.07828102316801162
2015-05-26,1.3652910693793219,-1.9917691543530358,2.266983502730682,-0.05188905424353157
2015-05-27,1.1610709074480088,-2.352487766214443,-0.04140393728708355,-0.053315647158368326
2015-05-28,1.2972176820688843,-1.8224522549078856,0.31884860437235174,-0.05688212944546023
2015-05-29,1.3482727225517124,-1.9549611327345249,0.271738656616887,-0.051175757786113184
2015-05-30,0.9568507455166958,-1.277693534953924,1.1889970511497567,-0.03833642155258235
2015-05-31,1.2291442947584466,-2.087470010561164,1.7044353030624875,-0.05046246132869481
2015-06-01,0.5654287684816791,-1.1010150311850715,1.244420519097362,-0.04190290383967425
2015-06-02,0.8717590113786488,-1.2482471176591152,0.37150089892257665,-0.040476310924837486
2015-06-03,0.4633186875160226,-0.5857027285259185,-0.03863276388970324,-0.03405664280807207
2015-06-04,0.9057957050338675,-0.7108500020288556,-0.45153760009936383,-0.03762312509516397
2015-06-05,1.007905785999524,-1.2114390960406043,-0.19658964754037878,-0.040476310924837486
2015-06-06,1.1100158669651805,-1.2188007003643064,0.21354401527190148,-0.05260235070094995
2015-06-07,1.331254375724103,-1.4249256214279675,0.061129478415986566,-0.0647283904770624
2015-06-08,1.5354745376554162,-1.6163273338442243,-0.14393735299015367,-0.06686827984931755
2015-06-09,1.6886396591039008,-2.153724449474484,2.6272360443901177,-0.06686827984931755
2015-06-10,1.5524928844830255,-1.65839364426538,2.4720503341368225,-0.06258850110480726
2015-06-11,1.4163461098621501,-1.513264873312394,2.5247026286870478,-0.06044861173255212
2015-06-12,1.450382803517369,-1.520626477636096,1.2943016402502072,-0.06900816922157268
2015-06-13,0.803685624068211,-0.72557321067626,0.7289822671846318,-0.06697017934323492
2015-06-14,0.24208017875710014,1.0117654097174555,-0.6538332581081235,-0.058818219829880614
2015-06-15,0.7866672772406016,0.017948826017660645,-0.8616712629116439,-0.06289419958655809
2015-06-16,0.9738690923443052,-0.49000187231779013,-0.9115523840644889,-0.06533978744056342
2015-06-17,1.1780892542756183,-0.6298723544681316,-0.8090189683614187,-0.0718613550512462
2015-06-18,1.3482727225517124,-0.9022517144451125,-0.8616712629116439,-0.07400124442350134
2015-06-19,1.450382803517369,-0.806550858236984,0.37150089892257665,-0.08184750545510353
2015-06-20,1.0759791733099617,-0.7034883977051535,1.3469539348004322,-0.07257465150866459
2015-06-21,0.7015755431025545,0.1872657254628109,0.2689674832195069,-0.07114805859382782
2015-06-22,0.9398323986890864,-0.05566721721936121,-0.5540710158024338,-0.08541398774219543
2015-06-23,0.8547406645510393,0.06948005628357594,-0.19658964754037858,-0.08898047002928731
2015-06-24,1.6375846186210727,0.20198893411021526,-0.08851388504254824,-0.08684058065703218
2015-06-25,0.1910251382742719,1.3135911869892452,-0.14116617959277336,-0.09040706294412408
2015-06-26,0.803685624068211,-0.364854598814853,1.0338113408964615,-0.08755387711445056
2015-06-27,1.007905785999524,-0.7182116063525579,1.5991307139620372,-0.07685443025317486
2015-06-28,1.2291442947584466,-0.762381232294771,0.47403431462564677,-0.058818219829880614
2015-06-29,0.803685624068211,-0.22498411666451146,1.033811340896462,-0.03976301446741911
2015-06-30,0.7696489304129922,-0.1071984474852765,0.679101146031787,-0.04546938612676615
2015-07-01,0.9228140518614769,-0.42374743340447046,-0.6039521369552785,-0.049749164871276425
2015-07-02,1.1610709074480088,-0.8580820885028994,0.011248357263141369,-0.05402894361578671
2015-07-03,1.0589608264823522,-0.6740419804103448,1.651783008512262,-0.06258850110480726
2015-07-04,1.212125947930837,-0.5268098939363011,2.217102381577838,-0.07471454088091972
2015-07-05,1.4285020718818713,-0.7750011254211177,1.5773572086969063,-0.08653488217528135
2015-07-06,0.3612086065503661,1.343037604284054,0.5266866091758721,-0.07257465150866459
2015-07-07,0.39524530020558496,1.512354503729204,-1.1193903888680092,-0.07114805859382782
2015-07-08,0.8207039708958205,0.6804932151508573,-0.914323557461869,-0.0682948727641543
2015-07-09,0.599465462136898,0.9896805967463491,-0.964204678614714,-0.0682948727641543
2015-07-10,0.1910251382742719,1.8657115112669092,-0.19381847414299846,-0.06758157630673592
2015-07-11,0.0378600168257871,2.211706914480912,-0.811790141758799,-0.06425285950544994
2015-07-12,0.0378600168257871,2.020305202064655,0.116552946363592,-0.0682948727641543
2015-07-13,0.6335021557921168,0.746747654064177,-0.45153760009936383,-0.05688212944546023
2015-07-14,0.7696489304129922,0.4375602724686852,0.8813968040405468,-0.07267655100258195
2015-07-15,1.1100158669651805,-0.445832246375577,2.269754676128063,-0.09611343460347112
2015-07-16,0.8887773582062581,0.05475684763617157,1.449487350503502,-0.09040706294412408
2015-07-17,0.7526305835853828,0.8939797405382207,-0.5540710158024338,-0.07614113379575649
2015-07-18,0.5824471153092886,1.0853814529544774,-0.6039521369552787,-0.0718613550512462
2015-07-19,0.6675388494473357,0.5627075459716223,-1.374338341426994,-0.07400124442350134
2015-07-20,0.5313920748264603,1.0338502226885622,-0.45153760009936383,-0.06544168693448078
2015-07-21,0.8377223177234299,0.5185379200294092,0.271738656616887,-0.06044861173255212
2015-07-22,0.9568507455166958,0.21671214275761963,0.216315188669282,-0.05402894361578671
2015-07-23,0.9398323986890864,0.26088176869983276,0.37150089892257704,-0.05046246132869481
2015-07-24,0.9228140518614769,0.25352016437613056,-0.04140393728708355,-0.054742240073205085
2015-07-25,0.767217738009048,0.6216003805612398,2.8849551703464833,-0.06860057124590513
2015-07-26,0.6505205026197263,0.6584084021797507,2.214331208180457,-0.06686827984931755
2015-07-27,0.599465462136898,0.5038147113820048,0.9839302197436168,-0.058818219829880614
2015-07-28,0.5824471153092886,0.03267203466506502,1.0393536876912222,-0.059735315275133746
2015-07-29,0.4463003406884132,0.45228348111608957,0.8813968040405468,-0.0718613550512462
2015-07-30,0.5143737279988508,0.43019866814498303,0.679101146031787,-0.06686827984931755
2015-07-31,0.5143737279988508,0.6216003805612398,-0.6039521369552785,-0.06187520464738888
2015-08-01,0.41226364703319435,0.665770006503453,-1.3244572202741494,-0.04475608966934777
2015-08-02,0.599465462136898,0.5332611286768136,-0.964204678614714,-0.03976301446741911
2015-08-03,0.8547406645510393,-0.1071984474852765,-0.3490041843962937,-0.049749164871276425
2015-08-04,0.5727223456935115,1.021230329562216,-0.47172757770884843,-0.06004101375688457
2015-08-05,0.5952108754299956,1.1313914799776161,0.2932152504465843,-0.05884369470336077
2015-08-06,0.5824471153092886,1.100104661601882,-0.8589000895142636,-0.0718613550512462
2015-08-07,0.5484104216540697,1.3283143956366497,-1.016856973164939,-0.06044861173255212
2015-08-08,0.49735538117124145,1.4387384604921825,-1.1692715100208542,-0.04903586841385805
2015-08-09,0.2931352192399284,1.7479258420876742,-0.8616712629116439,-0.05902201881771536
2015-08-10,0.7015755431025545,0.9749573880989447,-1.5295240516802893,-0.06044861173255212
2015-08-11,0.4292819938608038,1.541800921024013,-1.4269906359772193,-0.04332949675451101
2015-08-12,0.7526305835853828,0.8130020929774966,-1.5295240516802893,-0.04261620029709263
2015-08-13,0.9228140518614769,0.5332611286768136,-1.4269906359772193,-0.049749164871276425
2015-08-14,0.7696489304129922,0.7173012367693682,-0.7591378472085739,-0.04903586841385805
2015-08-15,0.4463003406884132,1.4755464821106934,-1.5295240516802893,-0.04475608966934777
2015-08-16,0.4633186875160226,1.306229582665543,-1.1193903888680092,-0.04404279321192939
2015-08-17,0.7526305835853828,0.7173012367693682,-1.374338341426994,-0.05260235070094995
2015-08-18,0.5313920748264603,0.7320244454167726,-0.4487664267019835,-0.045775084608516974
2015-08-19,0.8207039708958205,0.04739524331246939,5.858424225735515,-0.046895979041602906
2015-08-20,0.7526305835853828,-0.1071984474852765,1.7072064764598676,-0.05260235070094995
2015-08-21,0.5654287684816791,0.6804932151508573,0.37150089892257665,-0.04903586841385805
2015-08-22,0.684557196274945,0.2903281859946415,-0.24369959529584329,-0.05545553653062347
2015-08-23,0.6335021557921168,0.5258995243531114,-0.2963518898460686,-0.05555743602454084
2015-08-24,0.7526305835853828,0.30505139464204584,0.06390065181336668,-0.05046246132869481
2015-08-25,0.9228140518614769,-0.18607277952494283,0.7032499427803863,-0.054742240073205085
2015-08-26,0.9228140518614769,0.03267203466506502,-0.4515376000993636,-0.05402894361578671
2015-08-27,0.9908874391719147,0.03267203466506502,-0.3490041843962935,-0.04903586841385805
2015-08-28,0.9228140518614769,0.17990412113910872,-1.016856973164939,-0.04760927549902129
2015-08-29,0.9568507455166958,-0.14400646910378742,-0.24092842189846297,-0.05260235070094995
2015-08-30,1.007905785999524,-0.23234572098821366,0.5266866091758721,-0.05260235070094995
2015-08-31,0.9033645126299235,-0.35433802120956404,1.460176162179112,-0.049986930357082335
2015-09-01,0.9398323986890864,-0.7550196279710688,1.8568498399184024,-0.05555743602454084
2015-09-02,0.9057957050338675,-0.8728052971503037,1.2943016402502072,-0.05046246132869481
2015-09-03,0.8717590113786488,-0.6666803760866425,0.7289822671846318,-0.02906356760614341
2015-09-04,0.9228140518614769,-1.0494838009191563,0.9867013931409969,-0.015510934915194194
2015-09-05,0.7696489304129922,-0.7771044409421753,0.1636628941190563,-0.019790713659704473
2015-09-06,0.8207039708958205,-1.0980703894555908,0.1636628941190565,-0.02478378886163313
2015-09-07,0.8547406645510393,-0.8286356712080907,0.5737965569313368,-0.027636974691306652
2015-09-08,0.8717590113786488,-0.7918276495895797,1.089234808844067,-0.02906356760614341
2015-09-09,0.7866672772406016,-0.7402964193236644,0.7289822671846318,-0.028350271148725032
2015-09-10,0.8207039708958205,-0.8212740668843884,0.37150089892257704,-0.021930603031959612
2015-09-11,0.7526305835853828,-0.6298723544681316,-0.19658964754037897,-0.02478378886163313
2015-09-12,0.942263591093031,-0.35433802120956404,-0.8264377725735231,-0.026210381776469893
2015-09-13,0.9398323986890864,-0.3059617642252355,-1.2219238045710792,-0.026923678233888273
2015-09-14,0.9057957050338675,-0.3574929944911508,-0.964204678614714,-0.03976301446741911
2015-09-15,1.0589608264823522,-0.32068497287263986,-1.4269906359772193,-0.04190290383967425
2015-09-16,0.9738690923443052,-0.32068497287263986,-1.2191526311736989,-0.03976301446741911
2015-09-17,0.8377223177234299,-0.12192165613268087,-1.2718049257239241,-0.03548323572290883
2015-09-18,0.7866672772406016,0.42283706382128083,0.11378177296621149,-0.03120345697839855
2015-09-19,0.7356122367577733,0.8130020929774966,-1.066738094317784,-0.03976301446741911
2015-09-20,0.5338232672304044,0.5122279734662357,-0.29753953558780283,-0.04414469270584676
2015-09-21,0.6675388494473357,0.2387969557287262,-0.2436995952958431,-0.04618268258418453
2015-09-22,0.684557196274945,0.23143535140502403,0.7289822671846314,-0.04618268258418453
2015-09-23,0.4633186875160226,0.04739524331246939,1.5021396450537277,-0.02407049240421475
2015-09-24,0.41226364703319435,-0.47527866367038574,1.0365825142938419,-0.03405664280807207
2015-09-25,0.4463003406884132,-0.6519571674392381,0.37150089892257665,-0.03904971801000073
2015-09-26,0.5484104216540697,-0.40902422475706607,-0.14393735299015367,-0.03049016052098017
2015-09-27,0.47547464953574375,-0.13559320701955618,-0.8834447681767745,-0.020504010117122853
2015-09-28,0.41226364703319435,-0.11456005180897869,-0.6566044315055038,-0.009091266798428775
2015-09-29,0.5143737279988508,-0.3459247591253332,0.5829018409513004,-0.0001241113337406637
2015-09-30,0.5143737279988508,-0.7991892539132819,0.31884860437235174,0.004461365892520442
2015-10-01,0.39524530020558496,-0.5415331025837055,-0.2935807164486885,0.008027848179612341
2015-10-02,0.4171260318410826,-0.39640433163071903,1.7044353030624875,0.0008948836054285431
2015-10-03,0.6505205026197263,-0.47773253177828634,2.6351536826683466,-0.010721658701100284
2015-10-04,0.5143737279988508,-0.3574929944911508,-0.8589000895142636,-0.014084342000357434
2015-10-05,0.49735538117124145,-0.06302882154306338,-1.2219238045710792,-0.007664673883592015
2015-10-06,0.4292819938608038,0.0400336389887672,-0.5014187212522087,-0.009091266798428775
2015-10-07,0.4633186875160226,0.31241299896574803,-0.09405623183730867,-0.008377970341010395
2015-10-08,0.4292819938608038,0.2756049773472371,-0.5512998424050535,-0.017650824287449334
2015-10-09,0.4463003406884132,-0.04094400857195683,-0.19381847414299846,-0.03619653218032721
2015-10-10,0.4463003406884132,-0.3427697858437464,-0.04140393728708355,-0.03191675343581693
2015-10-11,0.45602511030419024,-0.5226032628941857,-0.0030033916376712086,-0.010721658701100284
2015-10-12,0.5484104216540697,-0.37221620313855514,-0.8090189683614187,-0.0033848951390817363
2015-10-13,0.5824471153092886,0.1430960995205978,-0.7037143792609682,0.002321476520265303
2015-10-14,0.39524530020558496,0.1872657254628109,-0.4487664267019833,0.015160812753796141
2015-10-15,0.31015356606753786,0.32713620761315243,-1.4269906359772193,0.0165874056686329
2015-10-16,0.3612086065503661,0.12837289087319342,-1.3244572202741494,0.0165874056686329
2015-10-17,0.3782269533779755,0.1946273297865131,-0.7064855526583488,0.009454441094449102
2015-10-18,0.2226306395255466,0.6636666909823948,0.934049098590772,0.01444751629637776
2015-10-19,0.3976764926095291,0.3439627317816149,-0.7630966663476885,0.006397456276940832
2015-10-20,0.3393278749148684,0.2598301109393041,-0.8834447681767745,-0.004200091090417491
2015-10-21,0.17400679144666245,0.09892647357838469,-1.066738094317784,0.007314551722193962
2015-10-22,-0.06425006413986942,-0.2617921382830224,-0.5540710158024338,0.009454441094449102
2015-10-23,-0.16636014510552594,-0.5194482896125988,-0.4515376000993636,0.007314551722193962
2015-10-24,-0.04723171731226,-0.42374743340447046,-1.2191526311736989,0.005887958807357202
2015-10-25,0.15698844461905304,-0.7844660452658775,-0.2935807164486883,0.01230762692412262
2015-10-26,0.054878363653396524,-0.49000187231779013,-0.2935807164486885,0.024433666700235078
2015-10-27,-0.06425006413986942,-0.364854598814853,-0.7591378472085739,0.01872729504088804
2015-10-28,-0.5918188157957615,-0.18817609504600052,0.2163151886692818,0.03014003835958212
2015-10-29,-0.42163534751966725,0.17990412113910872,-1.1193903888680092,0.03584641001892916
2015-10-30,-0.3875986538644484,0.4007522508501743,-1.1692715100208542,0.032993224189255634
2015-10-31,-0.3875986538644484,0.5258995243531114,-1.2718049257239241,0.031566631274418874
2015-11-01,-0.31952526655401076,0.5921539632664311,-1.3244572202741494,0.03227992773183726
2015-11-02,-0.25145187924357304,0.6436851935323463,-1.4269906359772193,0.03014003835958212
2015-11-03,-0.16636014510552594,0.4375602724686852,-1.424219462579839,0.02086718441314318
2015-11-04,-0.2003968387607448,0.5038147113820048,-1.3244572202741494,0.009454441094449102
2015-11-05,-0.42163534751966725,0.8718949275671141,-0.3988853055491383,0.010167737551867482
2015-11-06,-0.31952526655401076,0.8203636973011988,-1.0140857997675587,0.01230762692412262
2015-11-07,-0.4556720411748861,0.8498101145960075,-1.2718049257239241,0.02300707378539832
2015-11-08,-0.4556720411748861,0.5774307546190267,-1.116619215470629,0.03014003835958212
2015-11-09,-0.4726903880024955,0.7761940713589857,-1.374338341426994,0.025146963157653458
2015-11-10,-0.33654361338162014,0.7173012367693682,-1.374338341426994,0.0165874056686329
2015-11-11,-0.4556720411748861,-0.05566721721936121,-0.5014187212522087,0.02158048087056156
2015-11-12,-0.4556720411748861,0.003225617370256276,-0.2464707686932238,0.027286852529908596
2015-11-13,-0.3875986538644484,-0.06302882154306338,-0.3490041843962937,0.024433666700235078
2015-11-14,-0.3875986538644484,-0.04830561289565902,-0.7591378472085739,0.008027848179612341
2015-11-15,-0.370580307036839,0.09156486925468249,-1.5295240516802893,0.008027848179612341
2015-11-16,-0.4556720411748861,-0.5930643328496207,-0.9115523840644889,0.011594330466704241
2015-11-17,-0.7279655904166368,-0.7108500020288556,-0.39888530554913854,0.0165874056686329
2015-11-18,-0.9151674055203405,-0.166091282074894,-0.5540710158024338,0.032993224189255634
2015-11-19,-0.9151674055203405,0.25352016437613056,-1.3244572202741494,0.039412892306021054
2015-11-20,-0.9151674055203405,0.32713620761315243,-1.4269906359772193,0.031566631274418874
2015-11-21,-0.8811307118651216,0.42283706382128083,-1.2219238045710792,0.02800014898732698
2015-11-22,-0.898149058692731,0.26088176869983276,-1.4269906359772193,0.025860259615071837
2015-11-23,-1.1193875674516536,0.7688324670352835,-1.5295240516802893,0.03014003835958212
2015-11-24,-0.9151674055203405,0.1504577038443,-1.1692715100208542,0.030853334817000498
2015-11-25,-0.7960389777270745,-0.23970732531191583,-0.2464707686932236,0.0237203702428167
2015-11-26,-0.7109472435890274,-0.05566721721936121,-1.3244572202741494,0.01230762692412262
2015-11-27,-0.9151674055203405,0.34185941626055677,-0.964204678614714,0.0037480694351020626
2015-11-28,-0.8811307118651216,1.2767831653707342,-1.2718049257239241,0.027286852529908596
2015-11-29,-0.9662224460031688,1.225251935104819,-1.2718049257239241,0.04226607813569457
2015-11-30,-0.779020630899465,1.2915063740181387,-1.3244572202741494,0.035133113561510776
2015-12-01,-0.8130573245546839,1.0780198486307753,-1.1692715100208542,0.0237203702428167
2015-12-02,-0.9662224460031688,0.6878548194745595,-1.066738094317784,0.031566631274418874
2015-12-03,-1.0342958333136063,0.5774307546190267,0.06390065181336668,0.030853334817000498
2015-12-04,-1.0342958333136063,0.41547545949757864,-0.5014187212522087,0.025146963157653458
2015-12-05,-1.0513141801412158,0.7025780281219639,-1.3244572202741494,0.03014003835958212
2015-12-06,-1.102369220624044,0.908702949185625,-1.2191526311736989,0.03370652064667402
2015-12-07,-1.0342958333136063,0.9675957837752425,-1.016856973164939,0.037986299391184294
2015-12-08,-0.9248921751361174,0.6384269047297023,-1.2951619586447007,0.02922294291432899
2015-12-09,-0.9321857523479499,1.0412118270122643,-0.7591378472085739,0.026573556072490217
2015-12-10,-0.8470940182099028,0.9896805967463491,-1.066738094317784,0.006601255264775582
2015-12-11,-1.0853508737964346,1.02648861836486,-0.39888530554913854,0.004461365892520442
2015-12-12,-1.629937972279936,1.7994570723535894,-0.5540710158024338,0.02086718441314318
2015-12-13,-1.6809930127627644,0.3860290422027699,-0.7591378472085739,0.03370652064667402
2015-12-14,-1.629937972279936,0.1872657254628109,0.11101059956883157,0.036559706476347535
2015-12-15,-1.6469563191075456,0.20198893411021526,-0.3490041843962937,0.03370652064667402
2015-12-16,-1.6639746659351549,0.2976897903183437,-1.2718049257239241,0.032993224189255634
2015-12-17,-1.7660847469008114,0.7761940713589857,-1.3244572202741494,0.03584641001892916
2015-12-18,-1.6809930127627644,0.6363235892086442,-0.5540710158024338,0.045832560422786474
2015-12-19,-1.7490664000732021,0.6731316108271551,-0.7563666738111937,0.047972449795041616
2015-12-20,-1.8341581342112492,0.5774307546190267,-1.2718049257239241,0.0451192639653681
2015-12-21,-1.7150297064179831,0.8424485102723054,-1.2219238045710792,0.04725915333762323
2015-12-22,-1.8001214405560304,1.144274287544095,-1.374338341426994,0.058671896656317314
2015-12-23,-1.7320480532455926,1.2326135394285211,-0.7563666738111936,0.057245303741480555
2015-12-24,-1.902231521521687,0.4817298984108983,-0.19381847414299846,0.06081178602857245
2015-12-25,-1.868194827866468,0.3344978119368546,-0.2963518898460686,0.06509156477308273
2015-12-26,-1.6980113595903739,0.2387969557287262,-0.09128505843992855,0.06009848957115407
2015-12-27,-1.340626076210576,0.16518091249170436,0.2190863620666619,0.057245303741480555
2015-12-28,-1.102369220624044,-0.13664486478008525,0.8841679774379269,0.058671896656317314
2015-12-29,-1.2044793015897006,0.26824337302353496,0.11378177296621149,0.042979374593112955
2015-12-30,-1.3236077293829664,0.665770006503453,-1.063966920920404,0.039412892306021054
2015-12-31,-1.3916811166934042,0.6436851935323463,-1.066738094317784,0.05653200728406217
2016-01-01,-1.4305801951565116,0.6973197393193198,-1.2951619586447007,0.06020038906507145
2016-01-02,-1.5278278913142795,0.908702949185625,-1.066738094317784,0.05938519311373569
2016-01-03,-1.4767728508314513,0.8424485102723054,-0.3961141321517582,0.0451192639653681
2016-01-04,-1.2895710357277477,0.9823189924226469,-1.5295240516802893,0.04012618876343944
2016-01-05,-1.278225471176008,1.6718559307427512,-1.3928128307428624,0.036559706476347535
2016-01-06,-1.0683325269688253,1.2473367480759256,-1.016856973164939,0.03370652064667402
2016-01-07,-1.102369220624044,1.5638857339951195,-1.5295240516802893,0.042979374593112955
2016-01-08,-1.3236077293829664,1.343037604284054,0.2190863620666621,0.037986299391184294
2016-01-09,-1.2749838813040824,0.2766566351077658,0.34853974791571174,0.027592551011659423
2016-01-10,-1.3065893825553572,0.8203636973011988,-0.914323557461869,0.039412892306021054
2016-01-11,-1.2895710357277477,0.8498101145960075,-1.1692715100208542,0.039412892306021054
2016-01-12,-0.9832407928307781,0.5443035351623668,-0.19243288744430842,0.02479031492894427
2016-01-13,-0.9469349862652116,0.9042859865914036,-0.40331918298494707,0.02134271538475565
2016-01-14,-1.315098555969162,1.1774015070007549,-0.5762404029814758,0.031566631274418874
2016-01-15,-1.6639746659351549,1.3982496367118205,0.8592274168615046,0.036559706476347535
2016-01-16,-1.5822866011626298,1.155562080840438,0.9623150672440502,0.022864414493914773
2016-01-17,-1.5278278913142795,1.0142192778253567,-1.0624889617751343,0.031994609148870166
2016-01-18,-1.627668859369588,1.1791192146762854,-1.2014171214304652,0.023625264048493685
2016-01-19,-1.751497592477146,1.656431616921661,-0.49864754785482834,0.026777355060324966
2016-01-20,-1.7910449889146387,1.3989857971441908,-0.1565000057249442,0.046070325908592384
2016-01-21,-1.7745939203146162,0.750428456226028,0.21908636206666152,0.05474876614051622
2016-01-22,-1.8364272471215972,1.351871529472497,-0.7343820315253101,0.05063542323607106
2016-01-23,-1.4682636774176465,0.908702949185625,-0.8090189683614187,0.052608876768261086
2016-01-24,-1.9107406949354915,1.5197161080529065,-0.06080215106874572,0.0483290980237508
2016-01-25,-1.845503698762989,0.8807288527555571,-0.514166118880158,0.037700980808217203
2016-01-26,-1.4512453305900372,1.1332318810585418,-0.9642046786147138,0.027286852529908596
2016-01-27,-1.0399686155894763,0.513630183813608,-0.6372062177238419,0.02039165344153071
2016-01-28,-1.138837106683207,0.5248478665925828,-0.41472058210559715,0.02555456113332101
2016-01-29,-0.7705114574856604,0.5995155675901332,-0.9655902653134041,0.03869959584860268
2016-01-30,-0.6914977043574738,1.063296639983371,-1.2634914055317832,0.02229377732797994
2016-01-31,-1.0683325269688253,1.0485734313359665,0.1913746280928594,0.030853334817000498
2016-02-01,-1.2764799997065093,0.3135455534770871,0.08201986248854516,0.03743760980855497
2016-02-02,-1.3553753101278374,-0.2696445162283047,0.44207344810919424,0.04340735246756424
2016-02-03,-1.6469563191075456,0.35658262490796117,0.16027590441114714,0.04226607813569457
2016-02-04,-1.2060264240285743,-0.4384706420518748,0.009400908331554625,0.03846183036279677
2016-02-05,-1.7093569241421136,0.6019694356980343,-1.0491873294677092,0.03560864453312325
2016-02-06,-1.3462988584864457,0.5332611286768136,-0.709256726055729,0.01563634372540861
2016-02-07,-1.3065893825553572,0.9749573880989447,-0.9115523840644889,0.02942674190216374
2016-02-08,-1.1070105879406649,0.39673683030997337,-0.22153020811680119,0.037078467536289
2016-02-09,-1.0146592792817493,0.41321035047490134,-0.2334675704439775,0.023391156493238585
2016-02-10,-0.9650878895479948,0.2603909950782522,-1.063966920920404,0.012212520729799607
2016-02-11,-0.7534931106580509,-0.33540818152004426,-0.19243288744430842,0.0037480694351020626
2016-02-12,-0.8198646632857278,-0.15185884704906974,-1.363992627410108,0.01107124639792994
2016-02-13,-1.1103111158102619,0.0994172471999648,-0.24222163615057357,0.024386113603074546
2016-02-14,-1.0318646409096623,0.08735823821256708,0.25986219919954295,0.037782500403349545
2016-02-15,-1.037699502679128,-0.05370412273304073,-0.21266245324518432,0.04645075068588184
2016-02-16,-0.9540664839834475,-0.2533788761987911,-0.3244595057337829,0.0540864194300562
2016-02-17,-0.8859930966730099,-0.06828711034570786,-0.707673198400083,0.04878764574637737
2016-02-18,-0.7835588567201611,0.9160645535093273,-0.37967183666063525,0.03884225514008622
2016-02-19,-0.28156126209242005,0.5762982001076876,-0.6103471524876944,0.022952204827135517
2016-02-20,-0.2174151855883542,0.746747654064177,0.935434685289462,0.0201538879557248
2016-02-21,-0.5748004689681521,0.0400336389887672,2.269754676128063,0.0237203702428167
2016-02-22,-0.5748004689681521,-0.5310165249784164,1.8418063271897673,0.021886179352312386
2016-02-23,-0.5164518512734914,-0.5772894664416873,0.6399088365545518,0.010881034009285862
2016-02-24,-0.4811995614163002,-0.14032566694193632,-0.9877596524924461,0.01337757161025019
2016-02-25,-0.3620711336230343,-0.17345288639859616,-0.3462330109989134,0.02800014898732698
2016-02-26,-0.3297362746505763,-0.2853492721188693,-0.9797232496400434,0.044548626799433264
2016-02-27,-0.3297362746505763,-0.08511363451416995,-0.7905444790455501,0.04492905157672401
2016-02-28,-0.3025069197264013,0.15413850600615106,-0.7064855526583486,0.047615801566332425
2016-02-29,-0.18337849193313538,0.20566973627206636,-0.7064855526583486,0.045832560422786474
2016-03-01,-0.041558935036390035,-0.17836062261439817,-1.1526444696365723,0.025146963157653458
2016-03-02,-0.03928982212604224,-0.19897311472076354,-1.145254673910225,0.027429511821392145
2016-03-03,0.10593340413622478,-0.2844432285097985,-0.5779457404567869,0.022952204827135517
2016-03-04,0.2846260458261237,-0.9537829447110278,-0.167492326867886,0.011950978695413431
2016-03-05,-0.1754365967469176,-0.1950469257481226,0.9091085380143494,0.011832095952510151
2016-03-06,-0.32803443996781545,0.36026342706981224,-0.372559158274026,0.01409086806766857
2016-03-07,-0.20525922356863305,0.21776380051814828,-0.38305002899267987,0.010065838057950107
2016-03-08,-0.24415830203174066,-0.013600906798205383,-0.034673944750588874,0.005989858301274577
2016-03-09,-0.16636014510552594,-0.16977208423674509,0.5488559963549141,0.008384496408321531
2016-03-10,0.04636919023959181,-0.17713368856044726,0.23987016254701377,0.014804164525086951
2016-03-11,-0.021136918843259408,0.4331433098744637,-0.07816817102566186,0.01107124639792994
2016-03-12,-0.08977758438128355,0.38234824004091883,0.5737965569313368,-0.005881432740046066
2016-03-13,-0.1323234514503071,0.27928577950908823,-0.01230661661459078,0.0033914212063928728
2016-03-14,-0.3875986538644484,0.32713620761315243,-0.13839500619539305,0.021223832641852368
2016-03-15,-0.15728369346413476,-0.0890398234868113,0.38738895973422366,0.024386113603074546
2016-03-16,-0.17486931851933066,-0.39430101610966173,0.8827823907392368,0.01266427515283181
2016-03-17,0.14847927120524834,-0.5967451350114719,-0.01230661661459078,-0.0008883575381174066
2016-03-18,0.13146092437763893,0.04739524331246939,-0.04140393728708355,-0.004454839825209306
2016-03-19,0.21290586990976956,0.08315160717045084,-0.7361766962017087,-0.007868472871426765
2016-03-20,0.2602330820398835,-0.10081839040473498,-0.8984354966502222,-0.0014827712526325068
2016-03-21,0.1910251382742719,-1.005314174976943,1.1889970511497567,0.0030347729776836825
2016-03-22,-0.021704197070845872,-1.3292247652198392,3.369910514888031,-0.006951377426173635
2016-03-23,0.13316275906039976,-1.011694232057485,0.8296682339561152,-0.0033848951390817363
2016-03-24,0.3963798566607588,-0.799680027534862,-0.8171477436604009,0.01563634372540861
2016-03-25,0.6335021557921168,-0.604106739335174,-0.7826928210863061,0.014804164525086951
2016-03-26,-0.07559562869160888,0.13082675898109358,0.5529203840044055,0.017158042834567733
2016-03-27,0.13997009779144362,-0.3979818182715128,0.5003604619007587,0.01266427515283181
2016-03-28,0.09685695249483313,-0.4502492089697985,-0.07816817102566186,38.054309824932766
2016-03-29,0.2590985255847096,-0.7476580236473666,0.08745562569109883,0.004104717663811252
2016-03-30,0.5921718849250656,-1.2166973848432487,0.027083633819600203,0.0031366724716010573
2016-03-31,0.6505205026197263,-1.2197822476074671,-0.5688506072551287,-0.007949992466559109
2016-04-01,0.728318659545941,-1.30924326776979,1.1387200480830002,-0.02213440201979436
2016-04-02,0.9653599189305005,-1.2887359414394772,-0.3185212770251107,-0.014797638457775814
2016-04-03,1.101506693551376,-0.9537829447110278,-0.964204678614714,-0.012657749085520675
2016-04-04,1.0334333062409382,-1.6089657295205222,0.24402692264308432,-0.022287251260668803
2016-04-05,0.9653599189305005,-1.8334946613934389,0.525301022477182,-0.020504010117122853
2016-04-06,0.8377223177234299,-1.6089657295205222,-0.7591378472085739,-0.021217306574541232
2016-04-07,0.6414440509783346,-1.3807559954857545,0.8758544572457861,-0.01898231100796308
2016-04-08,0.5506795345644175,-1.439648830075372,-0.4905187725558461,-0.007949992466559109
2016-04-09,0.7503614706750344,-1.6477368456253536,1.2679754929750946,-0.007308025654882825
2016-04-10,0.9568507455166958,-1.8518986722026944,-0.371173571575336,-0.010161211484556345
2016-04-11,0.6232911476955513,-1.4985416646649894,2.0264456518380745,-0.006808718134690089
2016-04-12,0.6777498575439013,-1.4278702631574482,2.766903183618084,-0.02430825789002066
2016-04-13,0.8887773582062581,-1.9071107046304607,2.6036810705123856,-0.04154625561096506
2016-04-14,1.0759791733099617,-2.153724449474484,0.7816345617348571,-0.03869306978129154
2016-04-15,1.1440525606203995,-2.0653851975900577,0.6513894120579843,-0.03405664280807207
2016-04-16,1.424855283275955,-2.1647668559600373,0.934049098590772,-0.04297284852580182
2016-04-17,1.2858721175171444,-2.154215223096064,0.551442424859135,-0.045231620640960236
2016-04-18,1.2801993352412748,-1.7856442332893747,0.06112947841598637,-0.03369999457936288
2016-04-19,1.1951076011032278,-1.5809916330904539,-0.5171220371706969,-0.026971231331048805
2016-04-20,1.2036167745170323,-2.032257978133398,1.5783469134816852,-0.023713844175505563
2016-04-21,1.1951076011032278,-2.1071009554243703,1.9621544290188526,-0.04104694809077232
2016-04-22,1.0929975201375712,-2.1316396365033774,0.32161977776973183,-0.05059215159367985
2016-04-23,0.9114684873097375,-2.27485630243722,2.8276131977391543,-0.04991377174606548
2016-04-24,0.8292131443096251,-2.2567869100063147,0.7289822671846318,-0.04297284852580182
2016-04-25,0.8887773582062581,-2.2162980862259527,0.011248357263141369,-0.02870691937743422
2016-04-26,1.1185250403789853,-2.076427604075611,-0.6801594053832362,-0.01943406543099528
2016-04-27,1.0759791733099617,-1.8482178700408434,-0.4252114528242514,-0.02799362292001584
2016-04-28,1.2160532587372084,-2.2777391684660824,1.0915796478726194,-0.033672560100231806
2016-04-29,1.2048323707190043,-2.1884291555719373,0.4930061940384813,-0.027840773679141402
2016-04-30,1.067469999896157,-2.0543427911045042,-0.3739447449727161,-0.0329866981219445
2016-05-01,1.2887085086550796,-2.183170866769293,0.37150089892257665,-0.04653933081289372
2016-05-02,1.739694699586729,-2.4722365298799986,0.5795236486192559,-0.04789459408198838
2016-05-03,1.3993277630345407,-1.7709210246419704,-0.0898994717412383,-0.03583988395161802
2016-05-04,1.1562085226401206,-1.683633430518073,0.7903439638409094,-0.03884591902216598
2016-05-05,0.7322085673922517,-1.0862918225376672,0.96379302638932,-0.01784103667609341
2016-05-06,0.8462314911372346,-1.354990380352797,0.2939080437959291,-0.020504010117122853
2016-05-07,1.101506693551376,-1.3697135890002012,-0.49864754785482834,-0.02870691937743422
2016-05-08,1.3494072790068863,-1.420017885212166,0.08736325324451938,-0.026590806553760647
2016-05-09,1.1315724396134856,-1.1687417909631315,2.555185536058231,-0.0258537335477607
2016-05-10,1.1951076011032278,-1.2188007003643064,0.8107318824073498,-0.023000547718087183
2016-05-11,0.9908874391719147,-0.6188299479825784,0.1941458014902391,-0.0258537335477607
2016-05-12,1.3823094162069314,-1.2040774917169021,-0.3988853055491387,-0.04760927549902129
2016-05-13,1.643591093971994,-1.9038629380170629,0.25967590182829087,-0.05272822654637661
2016-05-14,1.5439837110692207,-1.682581772757544,-0.6053377236539688,-0.04261620029709263
2016-05-15,1.6375846186210727,-1.8224522549078856,-0.47647816067578624,-0.0401196626961283
2016-05-16,1.6327222338131853,-2.1758092624455907,0.470154671869314,-0.055883514405074754
2016-05-17,1.6716213122762915,-2.0396195824571,0.6015082909051395,-0.06651163162060836
2016-05-18,1.7056580059315103,-1.9328763197634184,0.34378916494877393,-0.07293129973737378
2016-05-19,1.654602965448682,-1.1746310744220934,0.5516271697522943,-0.0682948727641543
2016-05-20,1.6580066348142037,-0.9567275864405085,0.3356603896497921,-0.07794815148788399
2016-05-21,1.4855540536277618,-0.8860561849329678,0.8810273142542289,-0.08365452314723104
2016-05-22,1.5763185700416784,-0.9213918856867384,-0.07669021188039254,-0.08061112492891084
2016-05-23,0.9519883607088075,-0.7371414460420777,1.784799331586515,-0.06289419958655809
2016-05-24,0.8583234744094834,-0.40747441332049716,0.35370704868676667,-0.05624391682566439
2016-05-25,1.0885579513999342,-0.8148726718202991,0.7230784629902133,-0.07483859243873145
2016-05-26,1.3679092765835692,-0.934529518018268,1.8351067871081885,-0.06527708005969173
2016-05-27,1.7768256381196952,-2.0232232819179456,1.8664229843820799,-0.06070799226252156
2016-05-28,1.4759103237587832,-1.3660327868383502,1.6640993347228403,-0.061399673675776416
2016-05-29,0.8547406645510393,-0.19921850153155382,1.0601374881715744,-0.053315647158368326
2016-05-30,0.216552658515686,0.8461293124341565,0.5737965569313368,-0.03869306978129154
2016-05-31,1.0103369784034686,-0.5436364181047627,0.11259412722447723,-0.04728006174944317
2016-06-01,1.4674011503449784,-1.0745132556197434,0.4952799773388963,-0.044851195863670784
2016-06-02,1.6801304856900963,-1.480137653855734,1.1155609561191797,-0.04903586841385805
2016-06-03,1.6801304856900963,-1.1635886679365401,-0.912937970763179,-0.04760927549902129
2016-06-04,1.7669240545109046,-1.0823656335650258,-0.8186257028056704,-0.04979671796843696
2016-06-05,1.4900922794484563,-0.5120866852888967,0.3548738585382952,-0.0442805586977353
2016-06-06,1.3896029934187641,-0.8675470083476589,0.9091085380143494,-0.05148145626786401
2016-06-07,1.2801993352412748,-0.07407122802861667,3.1939410041543828,-0.04867922018514886
2016-06-08,1.477125919960755,-0.9306464739793922,0.35170680322700304,-0.06493218946489715
2016-06-09,1.4310953437794118,-0.9842109092489971,0.5233612010990156,-0.4138632298347778
2016-06-10,1.4855540536277618,-1.0941442004829494,0.7054272933068997,-0.07043476213640944
2016-06-11,1.1185250403789853,-0.6188299479825784,0.42415319347280234,-0.06615498339189917
2016-06-12,1.3993277630345407,-1.3733943911620523,0.5017460485994495,-0.06722492807802673
2016-06-13,1.4674011503449784,-1.0089949771387943,1.3192422008266296,-0.07079141036511863
2016-06-14,1.007905785999524,-0.31332336854893766,1.0997652677541117,-0.07293129973737378
2016-06-15,1.2949485691585365,-0.6818943583556271,0.8012175204096772,-0.08251324881536137
2016-06-16,1.12703421379279,-0.5394297870626477,0.9962025590748718,-0.06615498339189917
2016-06-17,1.2206351213446418,-0.48264026799408793,0.1165529463635918,-0.0637093955378932
2016-06-18,1.4479516111134243,-0.5814960974838032,0.8774379849014322,-0.05555743602454084
2016-06-19,1.4163461098621501,-0.42374743340447046,0.5516271697522939,-0.05260235070094995
2016-06-20,0.7781581038267968,0.7945980821682411,0.16504848081774673,-0.056525481216751036
2016-06-21,1.041942479654743,0.10260727574023577,0.4477081673505341,-0.060805259961261314
2016-06-22,1.0759791733099617,0.02162962817951174,0.11516735966490194,-0.051532406014822375
2016-06-23,1.174161943469247,-0.5200145668682684,-0.2270725549115616,-0.062204418396967
2016-06-24,1.5269653642416114,-0.8175932647225373,0.19137462809285902,-0.07007811390770026
2016-06-25,1.3896029934187641,-0.2659987693251378,0.6129888664085715,-0.06004101375688457
2016-06-26,1.3131014724413197,-0.17541598088491664,0.16865100623434118,-0.05830872236029699
2016-06-27,1.2376534681722513,0.04739524331246939,0.24264133594439385,-0.06691583294647807
2016-06-28,0.7574929683932711,0.8613783499618252,-0.3244595057337829,-0.05188905424353157
2016-06-29,1.3823094162069314,-0.09247523883787213,0.34378916494877354,-0.05367229538707752
2016-06-30,1.3947895372138452,-0.0144422330066288,-0.02348368265069128,-0.07262220460582512
2016-07-01,0.9398323986890864,0.7629431835763221,0.32161977776973183,-0.04582603435547534
2016-07-02,0.43268566322632546,1.1516358918677971,-0.36978798487664555,-0.06972146567899107
2016-07-03,0.5909562887230932,1.0412118270122643,-1.0930642415928966,-0.07043476213640944
2016-07-04,0.7441214101715781,0.9344685643185827,-0.7577522605098835,-0.07685443025317486
2016-07-05,1.0929975201375712,0.4854107005727494,-0.3462330109989134,-0.0857706359709046
2016-07-06,1.095266633047919,0.2132767274065584,0.43880082428752615,-0.07832857626517216
2016-07-07,1.12703421379279,0.1504577038443,-0.21737344802073083,-0.07364459619479215
2016-07-08,0.7594379223164266,0.9082121755640445,-0.3249873482856643,-0.07528517804685456
2016-07-09,1.0929975201375712,0.3308170097750035,-0.037247177191013184,-0.07899431962543
2016-07-10,0.9993966125857193,0.30873219680389696,-0.48756285426530727,-0.08291745014123109
2016-07-11,0.8547406645510393,0.6768124129890062,0.2543726366599703,-0.07328794796608297
2016-07-12,0.7185938899301639,1.1626782983533503,-0.2963518898460686,-0.06579833516318997
2016-07-13,0.8207039708958205,0.9344685643185827,-0.02052776436015226,-0.06936481745028188
2016-07-14,0.7100847165163592,1.1774015070007549,-0.372559158274026,-0.06972146567899107
2016-07-15,0.7866672772406016,1.0375310248504133,0.08250710176720563,-0.0682948727641543
2016-07-16,0.2590985255847096,1.9687739717987396,-0.5604051264250174,-0.061161908189970506
2016-07-17,0.39524530020558496,1.5381201188621618,-0.06634449786350595,-0.05284011618675586
2016-07-18,0.3328446951710172,1.8151618282441548,0.16717304708907146,-0.055883514405074754
2016-07-19,0.9653599189305005,0.5111763157057071,1.4979828849576566,-0.061161908189970506
2016-07-20,1.2206351213446418,-0.05198641505751011,1.3441827614030522,-0.06258850110480726
2016-07-21,1.213260504386011,-0.2107516816386872,1.0155215964737518,-0.06463328428273939
2016-07-22,1.212125947930837,-0.2544305339593202,0.3964414594989996,-0.06425285950544994
2016-07-23,0.9057957050338675,0.32713620761315243,0.19276021479154945,-0.051175757786113184
2016-07-24,0.8462314911372346,0.6952164237982617,-0.9905308258898264,-0.3668094401937463
2016-07-25,0.9143048784476723,0.5111763157057071,-0.883840650090686,-0.049749164871276425
2016-07-26,0.6930663696887498,1.269421561047032,-0.09168094035383978,-0.04261620029709263
2016-07-27,0.42077282044699904,1.6375017772321414,-0.5776259896801659,-0.03405664280807207
2016-07-28,0.5869853411299841,1.2301596713206202,-0.37967183666063525,-0.04865544363656729
2016-07-29,0.2931352192399284,1.8841155220761645,-0.9905308258898264,-0.05509888830191428
2016-07-30,0.28746243696405793,1.8740546628337724,-1.117173450150105,-0.05360096574133542
2016-07-31,0.5506795345644175,1.3361667735819323,-0.48756285426530727,-0.05664436395965432
2016-08-01,0.5313920748264603,1.4019304388736715,-0.21875903471942088,-0.06544168693448078
2016-08-02,0.7441214101715781,0.6878548194745595,-0.11622561901635095,-3.9953485190810447
2016-08-03,0.9993966125857193,0.1835849233009598,-0.321292450422491,-0.06900816922157268
2016-08-04,1.0740882458846723,0.202806890146182,0.2280156985693319,-0.06742306598286489
2016-08-05,1.1678782461790522,0.07193392439147611,-0.5718065255456677,-0.06425285950544994
2016-08-06,0.6595969542611174,0.9160645535093273,0.00607550025469837,-0.055883514405074754
2016-08-07,1.0749780940848082,0.2786362261864084,0.21142488267390439,-0.05742759144230908
2016-08-08,1.169174882127823,0.11400023481263194,0.5634676379047375,-0.06252365597231474
2016-08-09,0.8704499077765251,0.6601072339467593,0.5876524239182381,-0.06900816922157268
2016-08-10,0.9228140518614769,0.6368688932326217,0.722721468027588,-0.06404151240695544
2016-08-11,0.3928141078016408,1.7090145049481051,0.20443873125193732,-0.05127765728003056
2016-08-12,0.5192361128067391,1.4461000648158846,-0.6764131894941848,-0.04740547651118654
2016-08-13,0.6942819658907221,0.9791640191410601,-0.8135349546386309,-0.054334642097537536
2016-08-14,0.5052972763574592,1.369539379849382,-0.11733408837530343,-2.149551276219503
2016-08-15,0.8790525885904811,0.42388872158180946,1.2915304668528267,-0.06452459148922765
2016-08-16,0.8320495354475594,0.35167488869215996,1.721986067912563,-5.784177151543438
2016-08-17,0.6407957330039492,0.709939632445666,-0.127310312605872,-0.06319612401297936
2016-08-18,0.6353930832174068,1.140729811388238,-1.1477179391523409,-0.060887563398656495
2016-08-19,0.9325388214772535,0.46174840096084985,-1.1043468761393735,-0.06106000869605313
2016-08-20,1.0841731921528845,0.35549201686000526,0.7687024192137492,-0.05953559226705678
2016-08-21,0.8673468473863054,0.449284308984211,0.6923411967081597,-0.05364486090794644
2016-08-22,0.9480264175320092,0.3009616144622114,0.2965765811415547,-0.04396353804999452
2016-08-23,0.8520177290586218,0.5674189727387916,-0.18073853570736376,-0.041959967556267665
2016-08-24,0.6748324266591681,1.1095695814466422,0.3369678150475302,-0.04618268258418453
2016-08-25,0.8574636000434568,0.7064060623702889,-0.1379686718265658,-0.035208890931594815
2016-08-26,0.8169221160452405,0.7873728038505332,-0.5557131926305109,-0.03064867084485121
2016-08-27,0.8936397430141464,0.5795340701400848,0.055587131621225944,-0.02539518582513414
2016-08-28,1.1134195363307022,0.3412704879146603,0.08263378397965697,-0.025069107444600225
2016-08-29,0.5921718849250656,1.288351400736552,-0.23815724850108286,-0.039864913961336484
2016-08-30,0.6559663736045611,0.963178821181021,0.4444040759921192,-0.0479384892485994
2016-08-31,0.27737749069584566,1.714389644613031,-0.03760640337215477,-0.043118149656015854
2016-09-01,0.3727810823931406,1.5780200142966274,-0.6099378714936201,-0.04652506488374504
2016-09-02,0.7511507273395037,0.6651298669970441,1.3977989423523658,-0.053185956893383284
2016-09-03,0.7723360378068254,0.1318599666054733,1.4108367741716197,-0.05384123402173002
2016-09-04,0.8809227365935155,-0.06699276233274924,0.9363939376193239,-0.04376844842061538
2016-09-05,0.7971401060575924,-0.008099927743131766,1.5656634660090603,-0.0420126417562005
2016-09-06,0.7015755431025545,-0.32068497287263986,1.449487350503502,-0.03904971801000073
2016-09-07,0.8002819547026894,-0.1616743194806725,0.4878901816125481,-0.040735691454806926
2016-09-08,0.9114684873097375,-0.14400646910378742,0.8666172125878516,-0.03096569149259264
2016-09-09,0.7261575996313243,-0.2225302485566113,1.0248820043937914,-0.03572100120871474
2016-09-10,0.8180857636915727,-0.1304158149677217,1.1239810599035278,-0.030599898437506424
2016-09-11,0.7866672772406016,-0.2382350044471755,0.27728100341164763,-0.038764399427033636
2016-09-12,0.8741902037825928,-0.2912385555778311,0.8758544572457861,-0.03150915546014938
2016-09-13,0.9954256649926102,-0.19897311472076354,0.3607856951193728,-0.023927833112731205
2016-09-14,0.767217738009048,0.5837407011822002,-0.5904921518822887,-0.020911608092790405
2016-09-15,0.8856831133285109,-0.04763637613895901,1.108633022625729,-0.03334334635065369
2016-09-16,0.8411259870889516,-0.14400646910378742,-0.7491616229780048,-0.03534057643142528
2016-09-17,0.9647053671294384,-0.14400646910378742,-0.9292452603708398,-0.04245159342230357
2016-09-18,0.9568507455166958,-0.09492910694577272,2.4406437022998464,-0.03191675343581693
2016-09-19,0.9738690923443052,-0.05812108532726179,-1.066738094317784,-0.0335811118364596
2016-09-20,1.11947050409163,-0.3752153752704333,-0.9599413349264365,-0.04037063737559121
2016-09-21,1.1079736653458674,-0.0874693478977546,-0.17896498473304018,-0.029634204772078246
2016-09-22,0.6555629757538334,0.42310971583327,0.26783848665020293,-0.010359349389394496
2016-09-23,0.7866672772406016,0.33344615417632595,-0.7377602238573543,-0.030082562545312618
2016-09-24,0.8193425031496114,0.35540476821616906,-0.31106042557062563,1.9517058256864328
2016-09-25,0.8044255521911501,0.10948877543413112,-0.8316702987400053,-0.03315726901393676
2016-09-26,0.8520177290586218,0.02560489451431107,-0.8673340955062904,-0.021873539315366196
2016-09-27,0.9480264175320092,-0.1549125495833461,-1.1347384261458076,-0.02219478690507823
2016-09-28,0.9827186326946619,-0.3041949791875469,-0.9708554947684265,-0.030318969371199916
2016-09-29,0.9537565006389486,0.05141066385267069,-0.650810159856436,-0.028544806546201947
2016-09-30,0.9519883607088075,-0.06408047930359287,-0.9570788041643074,-0.02865596963047586
2016-10-01,0.9965602214477841,0.08665713303888048,-0.8265697332114937,-0.017650824287449334
2016-10-02,1.0337484608118201,0.08065878877512381,-0.6156526468553286,-0.008457225502945266
2016-10-03,1.0956157273418183,-0.05113699917400582,-0.6443907413466796,-0.019447274624650988
2016-10-04,0.7261575996313243,0.5518014654920632,-0.2502683026081522,-0.029803282450873197
2016-10-05,0.491682598895371,0.6731316108271551,-0.7923919279771371,-0.03049016052098017
2016-10-06,0.7463274921677495,0.25733729254397586,-0.8127138662245926,-0.01965862172314549
2016-10-07,0.7812214062557667,-0.028576513308137114,1.978781469403134,-0.019362735785253184
2016-10-08,0.7322085673922517,-0.14636218248737207,0.4128553326988668,-0.02138191344933029
2016-10-09,0.7757755352709318,-0.07333506759624628,-0.8236507638995864,-0.026438636642843565
2016-10-10,0.6202656638150874,-0.549712662943374,-0.46375129025818784,-0.02536499338249253
2016-10-11,0.605138244412768,-0.5475314468474625,0.4484779377386959,-0.02282882820056044
2016-10-12,0.5921718849250656,-0.7750011254211177,0.991451976107934,-0.02478378886163313
2016-10-13,0.6454780294856192,-0.9685061533584322,1.3574228120794247,-0.012895514571326585
2016-10-14,0.6164838089645074,-0.7402964193236644,0.4512624984471742,-0.008377970341010395
2016-10-15,0.34292964143923,-0.37085294307861005,-0.05238599482484989,-0.0004260357601619383
2016-10-16,0.43657557107263617,-0.623562407904959,0.025500106163954536,0.007212652228276587
2016-10-17,0.4599150181505009,-0.6599077001088365,0.04804953998035165,-0.00018932700984770572
2016-10-18,0.4463003406884132,-0.7059422658130541,0.17046486518535345,-0.006475846454561166
2016-10-19,0.5042887817306381,-0.663135899930786,-0.09754585759697293,-0.011627431980360215
2016-10-20,0.5248465568158417,-0.7487905781587052,0.49321083453551845,-0.017431348454397474
2016-10-21,0.43392336117742464,-0.5910566225795203,0.8415926770599945,-0.010647549978250577
2016-10-22,0.5597559862058087,-0.6456861711634919,1.4241204555582523,-0.0069777958134850425
2016-10-23,0.31015356606753786,-0.32295008189531754,1.030187498761426,-0.007335460134013903
2016-10-24,0.4463003406884132,-0.5313401119816564,0.9508893061594667,-0.0132613076264128
2016-10-25,0.3836728243628104,-0.3465978200920714,1.2169219523079742,-0.009530218464533141
2016-10-26,0.3206263948845287,-0.2504665931696343,-0.26586898247488594,0.006491517348249328
2016-10-27,0.18157050114782292,-0.06330147355505257,-0.18950775996929595,0.023033492172709728
2016-10-28,0.04038125339284042,-0.09820093108964045,0.08391468190555731,0.010352666263049927
2016-10-29,0.08072103846569208,0.13737040726882946,-1.1493601159804179,0.01373421983895938
2016-10-30,-0.05389107041871597,0.6241609385868753,-1.0832446489021794,0.022914035117039853
2016-10-31,-0.09305034338659283,0.37470349708938183,-1.1654345007014044,0.04116869897043593
2016-11-01,-0.11399600102057407,-0.10096939767291295,-0.9275399228955288,0.03304809314751844
2016-11-02,-0.20349108363849205,0.32178231355955067,-1.2120987352530948,0.034225281706615485
2016-11-03,0.05692056527270973,-0.040355080226060776,-1.0347033298440678,0.03222286401524384
2016-11-04,-0.05542573615518329,-0.12655674033649328,-0.6156526468553288,0.011620748854015648
2016-11-05,-0.28679767650091553,0.3611128429533165,-0.24711027024646554,-0.001409612641615653
2016-11-06,-0.3125918659946141,0.2006256740502706,-0.9949954941411614,0.0052803358991851
2016-11-07,-0.09209826803959376,-0.5375176820435041,0.28231950049779375,0.012437317189107663
2016-11-08,-0.2030150459649925,-0.4815077134827493,1.2970728136475878,0.017386297700941408
2016-11-09,-0.3025069197264013,-0.6325988745880214,0.03875481913343466,0.02324483927120423
2016-11-10,-0.23191229584891032,-0.6064242814370799,-0.8143560430526694,0.018383856005834552
2016-11-11,-0.17725188707519574,-0.3772220940786727,-0.8715366402063177,0.019897101231054416
2016-11-12,-0.2291971180074682,-0.14174136008110974,-0.9121918856177302,0.026024866489860896
2016-11-13,-0.1260203600326738,-0.27269821876258105,-0.5540710158024338,0.0338121941959203
2016-11-14,-0.25537919004994436,0.01681627150632201,-1.1978359127323122,0.029317003985637483
2016-11-15,-0.4059784684382668,-0.27828213196811535,-0.6232395038010455,0.03222286401524384
2016-11-16,-0.4700721807982478,-0.4248799879158091,0.05302912540825916,0.039632368139072914
2016-11-17,-0.47530859520674323,-0.5132192398002353,1.0310401674990815,1.9384722458268662
2016-11-18,-0.47530859520674323,-0.4022288976890334,0.1952542708491912,0.023391156493238585
2016-11-19,-0.6201827271751104,0.013041089801858632,-0.8999134557954918,0.010690821620641782
2016-11-20,-0.40461700069205786,-0.032110083383514294,-0.9741809028452828,0.015731449919730973
2016-11-21,-0.501490667249219,0.000960508347578584,-0.9275399228955288,0.01373421983895938
2016-11-22,-0.3598318774615069,-0.6058502772013141,0.24402692264308393,0.01313354913797514
2016-11-23,-0.3261846196604667,-0.5306507309747546,-0.06538061146441741,0.01472663230145511
2016-11-24,-0.5174755112330465,-0.5283597053728696,0.30820146447715363,0.024846627807161337
2016-11-25,-0.2208188549538759,-1.7606147785887871,1.814728004278223,0.013448901255992287
2016-11-26,-0.12631697609938627,-1.6371130401699716,1.6837330076820582,0.015160812753796141
2016-11-27,-0.2158680631494801,-1.5788500754690136,1.2325800509449196,0.017106166728574367
2016-11-28,-0.3767687967923335,-1.3620173662981487,0.5068925134802993,-5.698084430637456
2016-11-29,-0.4915996622553949,-0.3959369281815956,-1.254869977184378,0.025146963157653458
2016-11-30,-0.7287055185395763,1.1567570079190679,-0.5829876077750972,0.03432677843573393
2016-12-01,-0.7449839372442463,1.387207230226267,-0.9300268733803572,0.03584641001892916
2016-12-02,-0.8187301068305544,0.908702949185625,-0.43306311078349524,0.04083948522085781
2016-12-03,-0.5464365575888036,-0.48754800420989,-0.22892000384314876,0.04987457368149084
2016-12-04,-0.8607086956719905,-0.3059617642252355,-0.2732587782012331,0.0519669099565848
2016-12-05,-0.8966019362538569,-0.2269918269346119,-0.4316115437658199,0.036819087006316975
2016-12-06,-0.9099309911118451,0.558177327926267,-0.9744367034665794,0.04204660230264272
2016-12-07,-0.9492040991755593,0.818891376436458,-1.3244572202741494,0.0389623892802832
2016-12-08,-1.1330022449137411,0.7570539001173598,-1.1382343679701952,0.031994609148870166
2016-12-09,-0.7903661954512046,0.45228348111608957,-1.2385508449553608,0.01611187469702043
2016-12-10,-1.1950246644632512,1.3184989232050464,-0.3422302049804752,0.01944059149830642
2016-12-11,-0.7052744613131574,0.5381688648926147,-0.4838679564021336,0.015398578239602051
2016-12-12,-0.723324223100016,0.20131969735351526,-0.8019650724408145,0.020478113618186754
2016-12-13,-0.8402866794788589,0.1121773613610487,-0.7691140714391428,0.025717600323588292
2016-12-14,-0.90760369581918,-0.10801640352124281,0.25018508574837317,0.03846183036279677
2016-12-15,-0.9605496637272988,-0.22498411666451146,0.6606266567159184,0.03465758258989831
2016-12-16,-1.278225471176008,0.16681682456363822,-0.6612230538344708,0.04670436720407589
2016-12-17,-1.0513141801412158,0.17336047285137327,-0.03717425157529253,0.036259371125855415
2016-12-18,-1.2441887775207894,0.24125082383662722,-0.10606464989262387,0.042741609107307045
2016-12-19,-1.0026903320623317,-0.25618329689353503,0.7792592702513886,0.039005294330353504
2016-12-20,-0.7381765985132024,-0.701525303218833,2.0013203463684945,0.026288237489523126
2016-12-21,-0.9764334540997343,-0.36190995708537227,2.7723927461576565,0.0286794789467729
2016-12-22,-1.0804884889885464,-0.1524197311880191,-0.15924478699473094,0.03166853076833625
2016-12-23,-1.3168003906519228,0.8395038685428247,-1.2623829361728311,0.02086718441314318
2016-12-24,-1.0760681391631934,1.0713274810637736,-0.368654323032263,0.004137140230058486
2016-12-25,-1.5278278913142795,1.993803426499327,0.48456477353569205,0.021437821579078014
2016-12-26,-1.0999380282201,0.8487584568354789,0.41788159052083557,0.03628797449256917
2016-12-27,-1.1398095836447846,0.41842010122705936,0.3182943696928758,0.037700980808217203
2016-12-28,-1.089790442534072,0.4474824348180228,-0.7429927500238366,0.028372303660762797
2016-12-29,-1.3592652179741485,1.6143653065005061,-0.1993608209377591,0.03601624250879145
2016-12-30,-1.514861531826577,1.7209332929007664,-0.14024245512698,0.04172261416813849
2016-12-31,-1.384515496976516,1.5638857339951195,0.0943835591845497,0.03142397198293533
2017-01-01,-2.0724149897977813,2.3294925836601466,-1.5295240516802893,0.030853334817000498
